date,dining_only_revenue,non_dining_revenue,ppc_spend,meta_spend
26/06/2023,9831.895,837250.4803,0,0
27/06/2023,4844.84,922577.5764,0,0
28/06/2023,8968.4412,936428.4833,0,0
29/06/2023,3606.36,848809.4491,0,0
30/06/2023,8325,944591.4594,0,0
01/07/2023,9586.9704,1869043.043,0,0
02/07/2023,12937.5,1772989.511,0,0
03/07/2023,5784.272,1097427.023,0,0
04/07/2023,4393.2,999542.6103,0,0
05/07/2023,3686.796,920798.9,0,0
06/07/2023,6375.98,1002599.182,0,0
07/07/2023,2498.5,1079167.305,0,0
08/07/2023,7684.5472,1990974.788,0,0
09/07/2023,7358.6352,2145843.366,0,0
10/07/2023,5680.35,1437047.918,0,0
11/07/2023,9094.5376,1233516.23,0,0
12/07/2023,4968.48,1105647.373,0,0
13/07/2023,8527.68,1195688.069,0,0
14/07/2023,5701.0944,1004298.936,0,0
15/07/2023,10074.9096,2069425.532,0,0
16/07/2023,11205.312,2099545.055,0,0
17/07/2023,10689.1512,1612600.343,0,0
18/07/2023,9005.0872,1408229.419,0,0
19/07/2023,2699.445,1012219.544,0,0
20/07/2023,3923.5,903111.824,0,0
21/07/2023,7072.372,973231.5881,0,0
22/07/2023,9743.0436,2334614.672,0,0
23/07/2023,9372.33,2450244.841,0,0
24/07/2023,5569.416,1444960.618,0,0
25/07/2023,4925.044,1548177.163,0,0
26/07/2023,4092.5955,1114649.239,0,0
27/07/2023,3889.44,1129861.405,0,0
28/07/2023,5123.44,1155546.677,0,0
29/07/2023,8756.8912,1975926.794,0,0
30/07/2023,8395.892,2386901.145,0,0
31/07/2023,9220.54,1280985.079,0,0
01/08/2023,5990.996,1345657.529,0,0
02/08/2023,4644.712,1331397.552,0,0
03/08/2023,5782.384,1116884.766,0,0
04/08/2023,3955.5096,1280856.559,0,0
05/08/2023,7352.488,2241205.969,0,0
06/08/2023,7373.645,2041693.253,0,0
07/08/2023,7948.5,1686280.503,0,0
08/08/2023,3829.98,1428809.516,0,0
09/08/2023,5047.94,1338471.046,0,0
10/08/2023,5406.15,1132332.946,0,0
11/08/2023,4107.36,1045118.234,0,0
12/08/2023,3247.856,1853076.656,0,0
13/08/2023,7397.712,2432615.59,0,0
14/08/2023,7968.69,1488919.16,0,0
15/08/2023,6409.298,1503763.601,0,0
16/08/2023,5474,1107833.969,0,0
17/08/2023,5469.32,1111060.16,0,0
18/08/2023,4995.888,1285537.016,0,0
19/08/2023,6100.256,2077108.533,0,0
20/08/2023,8465.94,1830935.328,0,0
21/08/2023,5714.672,1241341.429,0,0
22/08/2023,5064.2872,1264088.302,0,0
23/08/2023,7116.2136,1161865.668,0,0
24/08/2023,7024.392,1347870.049,0,0
25/08/2023,3750.4872,1268600.142,0,0
26/08/2023,8232.8,2607334.942,0,0
27/08/2023,16205.9355,2368553.259,0,0
28/08/2023,16072.065,3330393.742,0,0
29/08/2023,8965.768,1565515.137,0,0
30/08/2023,9602.4384,1593256.36,0,0
31/08/2023,6333.7736,1205369.944,0,0
01/09/2023,7610.42,1492614.41,0,0
02/09/2023,7372.9124,2078412.032,0,0
03/09/2023,10749.1696,2494677.657,0,0
04/09/2023,13016.64,1614143.486,0,0
05/09/2023,10568.124,1754414.234,0,0
06/09/2023,5680.178,828575.6676,0,0
07/09/2023,2916.35,844884.8516,0,0
08/09/2023,4125.8,785222.5208,0,0
09/09/2023,3239.2096,1389621.912,0,0
10/09/2023,6019.3056,1896930.784,0,0
11/09/2023,7540.8816,1226383.107,0,0
12/09/2023,6281.44,1052447.434,0,0
13/09/2023,3697.232,914234.596,266.469,0
14/09/2023,6254.4944,942019.6278,431.3856,0
15/09/2023,3495.15,1016809.525,520.8014,0
16/09/2023,4355.488,2128123.392,524.984,0
17/09/2023,11861.3264,2319087.862,420.0152,0
18/09/2023,6499.6564,1343929.503,336.582,0
19/09/2023,7486.73,1114869.316,397.7206,0
20/09/2023,8083.2,1123714.42,600.445,0
21/09/2023,8303.4336,1133534.97,509.7552,0
22/09/2023,5309.7432,1257029.836,290.3244,0
23/09/2023,9043.34,2307757.532,175.9338,0
24/09/2023,5788.0172,2468184.039,155.3376,0
25/09/2023,8350.1704,1844321.122,131.8251,0
26/09/2023,5121.12,1489883.703,15.6584,0
27/09/2023,4727.9704,1152421.954,0,0
28/09/2023,5274.8288,1435682.866,0,0
29/09/2023,6438.5496,1204479.228,0,0
30/09/2023,6425.6136,3033248.655,0,0
01/10/2023,12327.0892,3165013.519,0,0
02/10/2023,4839.984,1792796.132,0,0
03/10/2023,5719.864,1783632.131,0,0
04/10/2023,4432.2,1466119.548,0,0
05/10/2023,7596.986,1174569.956,0,0
06/10/2023,4334,1491357.524,0,0
07/10/2023,5874,2830324.294,0,0
08/10/2023,7950.7008,2640967.35,0,0
09/10/2023,6166.4328,1504251.595,0,0
10/10/2023,3730.8,1326023.655,0,0
11/10/2023,3730.86,1438801.535,0,0
12/10/2023,6171.9836,1290149.537,0,0
13/10/2023,5594.967,1575405.819,0,0
14/10/2023,8495.424,3323418.546,0,0
15/10/2023,7665.18,2843711.391,0,0
16/10/2023,9066.792,1853049.624,0,0
17/10/2023,4302.7004,1758425.993,0,0
18/10/2023,10215.912,1238655.39,0,0
19/10/2023,7442.3,1086376.379,0,0
20/10/2023,7009.3296,1293178.961,0,0
21/10/2023,10507.952,2601478.108,0,0
22/10/2023,11363.84,2594241.774,0,0
23/10/2023,5762.56,1753509.385,0,0
24/10/2023,11018.0284,1304459.133,0,0
25/10/2023,9003.9216,1200459.578,0,0
26/10/2023,10874.4524,1242505.238,0,0
27/10/2023,5874.1268,1220245.878,0,0
28/10/2023,9213.9626,2056830.844,0,0
29/10/2023,14622.4248,2743595.018,0,0
30/10/2023,10111.6176,1797077.717,0,0
31/10/2023,11857.0848,1518722.852,0,0
01/11/2023,7668,1235686.442,0,0
02/11/2023,10175.52444,1293291.313,0,0
03/11/2023,7642.8204,1537865.409,0,0
04/11/2023,16850.6345,2799825.71,0,0
05/11/2023,11346.342,3149481.026,0,0
06/11/2023,8607.5424,1815047.048,0,0
07/11/2023,9122.08,1542075.559,0,0
08/11/2023,9501.3552,1291980.788,0,0
09/11/2023,4856.754,1344351.477,0,0
10/11/2023,7387.968,1346382.53,0,0
11/11/2023,13531.5068,2931351.015,0,0
12/11/2023,14865.54,2789572.428,0,0
13/11/2023,10111.8874,2002826.429,0,0
14/11/2023,7289.3616,1485588.815,0,0
15/11/2023,11018.52,1143810.758,0,0
16/11/2023,9274.4096,1029704.807,0,0
17/11/2023,7034.6696,1407745.634,0,0
18/11/2023,15368.6983,2523813.692,0,0
19/11/2023,12306.2648,2960107.275,0,0
20/11/2023,8701.38,1576856.013,0,0
21/11/2023,9912.402,1478405.786,0,0
22/11/2023,4735.8608,1151420.082,0,0
23/11/2023,9256.18,1221302.898,0,0
24/11/2023,9802.108,1493162.71,0,0
25/11/2023,11628.6212,2085810.146,0,0
26/11/2023,13047.8208,2419903.534,0,0
27/11/2023,8484,1409008.149,0,0
28/11/2023,11116.1988,1181317.782,0,0
29/11/2023,12251.7,1299515.685,0,0
30/11/2023,7542.63,671508.3728,0,0
01/12/2023,5187.609,657200.8997,0,0
02/12/2023,6427.9872,1027267.017,0,0
03/12/2023,7595.4816,1031027.703,0,0
04/12/2023,6244.8336,763160.1606,0,0
05/12/2023,1818.0488,518202.3732,0,0
06/12/2023,3987.01,493887.9936,0,0
07/12/2023,4365.4804,399490.4835,0,0
08/12/2023,5598.9824,593477.9855,0,0
09/12/2023,4647.7872,933084.1611,0,0
10/12/2023,5456.2184,880774.0098,0,0
11/12/2023,5683.5455,636511.9781,0,0
12/12/2023,2157.912,496548.6735,0,0
13/12/2023,5629.022,506148.556,0,0
14/12/2023,3595.1655,509566.4615,0,0
15/12/2023,3366.45,469186.4958,0,0
16/12/2023,580.36,688318.7324,0,0
17/12/2023,2646.5664,698658.2946,0,0
18/12/2023,2962.9712,469206.9714,0,0
19/12/2023,580.392,379871.6704,0,0
20/12/2023,1569.735,675126.0765,0,0
21/12/2023,5909.2224,757597.54,0,0
22/12/2023,4000.0968,710394.0633,0,0
23/12/2023,3810.6,313424.88,0,0
24/12/2023,2773.5,286846.45,0,0
25/12/2023,923.04,304102.178,0,0
26/12/2023,18590.2192,3745952.367,0,0
27/12/2023,17873.48,4420695.297,0,0
28/12/2023,15020.04,3961981.882,0,0
29/12/2023,12055.8068,4338336.217,0,0
30/12/2023,10654.6482,4264885.177,0,0
31/12/2023,9434.4936,3833073.52,0,0
01/01/2024,11981.196,3345980.545,0,0
02/01/2024,9428.09,4042806.722,0,0
03/01/2024,10766.6164,3441003.416,0,0
04/01/2024,13285.44,2061906.634,0,0
05/01/2024,4802.6826,2111142.104,0,0
06/01/2024,10005.792,4371218.481,0,0
07/01/2024,15883.9296,4949574.95,0,0
08/01/2024,13272.8584,2979166.184,0,0
09/01/2024,11764.2528,2759050.244,0,0
10/01/2024,9547.8705,2485017.176,0,0
11/01/2024,4768.544,1036799.633,0,0
12/01/2024,4626.5296,1340234.764,0,0
13/01/2024,9530.748,2866787.76,0,0
14/01/2024,9625.96,3281035.373,0,0
15/01/2024,7311.1104,1652229.653,0,0
16/01/2024,3515.32,1347540.466,0,0
17/01/2024,7371.414,1540108.151,0,0
18/01/2024,970.56,1030187.208,0,0
19/01/2024,3040.96,1110448.274,0,0
20/01/2024,8071,2695571.51,0,0
21/01/2024,5452.08,2305524.722,0,0
22/01/2024,4476.56,1336970.78,0,0
23/01/2024,3952,1269419.851,0,0
24/01/2024,3915.824,1189516.974,0,0
25/01/2024,8346.378,947896.8864,0,0
26/01/2024,7922.2612,1169491.56,0,0
27/01/2024,7299.6,2569942.15,0,0
28/01/2024,5972.2432,2380840.704,0,0
29/01/2024,7510.3966,1570532.308,0,0
30/01/2024,3325.113,1402054.869,0,0
31/01/2024,4766.08,1457755.772,0,0
01/02/2024,5344.814,1054613.648,0,0
02/02/2024,5443.05504,1061017.176,0,0
03/02/2024,10055.2136,2315577.008,0,0
04/02/2024,6879.4556,2701662.257,0,0
05/02/2024,4717.2806,1549011.997,0,0
06/02/2024,8122.6684,1404139.105,0,0
07/02/2024,5733.84,1246617.711,0,0
08/02/2024,3674.25,955301.8809,0,0
09/02/2024,6704.08,919236.9484,0,0
10/02/2024,7946.2992,1935884.121,0,0
11/02/2024,8181.2548,2068126.667,0,0
12/02/2024,5122.6616,1135376.302,0,0
13/02/2024,7479.5808,1159927.864,0,0
14/02/2024,7705.572,1047668.506,0,0
15/02/2024,3069.85,1116356.712,0,0
16/02/2024,3781.7808,1009797.71,0,0
17/02/2024,5513.03,1871334.787,0,0
18/02/2024,4421.376,2458534.274,0,0
19/02/2024,3057.896,1372412.832,0,0
20/02/2024,5598.1184,996321.9872,0,0
21/02/2024,6668.88,1126656.328,0,0
22/02/2024,4069.45,1016121.672,0,0
23/02/2024,1546.4,966745.6644,0,0
24/02/2024,5533.24,2199571.808,0,0
25/02/2024,7149.18,2559407.782,0,0
26/02/2024,5203.06,1363853.709,0,0
27/02/2024,4185.3888,1309235.155,0,0
28/02/2024,7083.6896,1504660.55,0,0
29/02/2024,3413.34,771361.534,0,0
01/03/2024,3064.56,724341.302,0,0
02/03/2024,12163.64,1715089.68,0,0
03/03/2024,7185.984,2070814.623,0,0
04/03/2024,6591.4296,972691.4218,0,0
05/03/2024,3148.5,861745.5776,0,0
06/03/2024,3900.53,811865.8815,0,0
07/03/2024,1639.05,780843.7911,0,0
08/03/2024,7408.454,865404.3336,0,0
09/03/2024,5697.2698,1555062.026,0,0
10/03/2024,5693.9,1619931.046,0,0
11/03/2024,5413.814,1034039.286,118.2199,0
12/03/2024,2402.4,806418.7161,158.8709,0
13/03/2024,4071.152,1002301.984,162.8466,0
14/03/2024,1217.7,809388.9992,275.564,0
15/03/2024,2191.5,933941.7512,269.3383,0
16/03/2024,6170,1561529.446,320.436,0
17/03/2024,1526.7,1712715.194,365.2558,0
18/03/2024,7966.3612,1130287.173,253.896,0
19/03/2024,2102.78,883230.1593,273.5685,0
20/03/2024,3280.2428,836893.4206,343.764,0
21/03/2024,10730.1072,915617.5664,523.5678,107.6352
22/03/2024,4532.4412,977462.036,511.9296,140.6864
23/03/2024,4965.55,2068103.586,690.9408,149.4126
24/03/2024,4989.18,1628709.957,569.8374,143.5168
25/03/2024,5348.7,1173919.148,671.1383,125.7105
26/03/2024,2689.335,1119434.544,674.7795,149.2272
27/03/2024,4258.68,1009988.846,719.9952,146.2499
28/03/2024,520.38,1310234.903,795.6048,116.4989
29/03/2024,6846.992,2425468.515,975.4773,143.679
30/03/2024,5487.2848,2830856.268,717.2663,134.0178
31/03/2024,5514.4,799950.432,839.2461,132.9552
01/04/2024,13042.912,4181123.923,886.2816,149.7984
02/04/2024,8050.32,2099178.027,845.975,119.284
03/04/2024,5800.5,1846128.539,620.7243,142.72
04/04/2024,6856.7488,1507592.586,447.1056,138.1142
05/04/2024,4612.96,1275593.436,485.6933,142.7125
06/04/2024,6897.9568,2336824.747,883.062,122.4424
07/04/2024,9318.1172,2359286.658,884.5364,126.0135
08/04/2024,7244,1499748.336,511.785,70.136
09/04/2024,4682.7,1451455.622,527.6173,108.564
10/04/2024,3416.12,933252.5884,508.4016,102.4631
11/04/2024,2854.103,1069615.641,544.2528,129.495
12/04/2024,2182.84,1149055.499,418.5936,127.5176
13/04/2024,8259.01,2344983.175,549.891,125.0924
14/04/2024,8134.9248,2399195.233,634.3233,127.701
15/04/2024,4971.56,1737494.875,376.7445,134.4555
16/04/2024,4175.55,1621992.187,348.2745,110.2128
17/04/2024,4061.2,708327.3022,285.098,101.6736
18/04/2024,9527.4464,729175.296,317.5788,107.8827
19/04/2024,5858.008,854035.4228,354.2646,116.9136
20/04/2024,6803.25,1596637.709,622.0354,112.9506
21/04/2024,2507.0188,1519230.17,691.1132,125.604
22/04/2024,2937.88,985290.0825,437.2971,101.7005
23/04/2024,3863.5324,859656.2763,410.814,129.23
24/04/2024,6377.35,678373.25,227.2788,104.8446
25/04/2024,2700.1616,863429.0542,295.002,113.859
26/04/2024,5155.92,1021118.605,205.7853,117.645
27/04/2024,4468.2456,1920023.792,255.6135,112.9348
28/04/2024,4757.3328,1923157.299,247.2408,108.1092
29/04/2024,4518.1824,1128651.605,166.48,99.9024
30/04/2024,4263.98,896385.245,201.8655,113.252
01/05/2024,3642.94,1026466.755,223.4145,105.6037
02/05/2024,5393.0084,921042.2129,347.4992,132.19
03/05/2024,4326.1512,1077265.061,335.4816,136.29
04/05/2024,4368.3904,1828719.194,349.5645,117.175
05/05/2024,6545.76,1539830.026,486.54,136.8528
06/05/2024,12131.28,2774922.322,763.1088,127.7554
07/05/2024,4574.4848,1009400.887,419.4562,131.425
08/05/2024,3696,961099.6604,463.2852,115.362
09/05/2024,5097.62,700308.0118,497.8952,116.8992
10/05/2024,6938.3088,778069.9983,543.535,99.753
11/05/2024,6338.6688,1216499.054,494.2755,139.4
12/05/2024,4413.2536,1148958.771,647.151,110.832
13/05/2024,4925.6088,788190.5576,297.4146,103.1656
14/05/2024,2644.93,772819.303,189.608,102.7706
15/05/2024,5896.1116,803671.6184,201.3236,111.7828
16/05/2024,4686.5,764597.0525,155.3104,124.0416
17/05/2024,6268.95,762884.1315,124.0941,127.1011
18/05/2024,7078.448,1596777.881,188.048,117.8584
19/05/2024,5520.12,1309040.187,262.2235,129.8206
20/05/2024,4141.84,925810.0914,116.66,132.975
21/05/2024,4640.9175,760317.423,110.9486,115.6628
22/05/2024,2564.32,849182.8952,96.8806,111.166
23/05/2024,3353.25552,916131.2414,98.12,103.361
24/05/2024,6086.556,1053959.344,98.8269,120.648
25/05/2024,5706.9656,1549065.138,116.8224,115.5711
26/05/2024,5105.7384,1915053.371,162.449,125.7062
27/05/2024,6756.6588,2916761.288,201.2626,125.5184
28/05/2024,3424.05,1849691.951,115.8,95.4521
29/05/2024,5034.9972,1483116.142,96.255,112.9205
30/05/2024,1936,1152148.164,91.695,115.8768
31/05/2024,4812.75,1188644.29,70.8972,104.5029
01/06/2024,4910.57,1977967.795,93.3328,119.168
02/06/2024,1928.9284,1958478.312,138.6989,105.03
03/06/2024,4801,1470257.019,9.0096,67.988
04/06/2024,5810.88,1487057.148,0,101.6718
05/06/2024,4705.65,816488.2639,0,116.2169
06/06/2024,5247.6648,827522.1148,0,119.615
07/06/2024,2644.1576,785013.8936,0,110.6668
08/06/2024,5503.3562,1617703.806,0,115.1886
09/06/2024,7172.352,1601387.85,0,129.005
10/06/2024,5738.4852,1101516.183,0,118.3584
11/06/2024,3090.72,889182.9888,0,119.39
12/06/2024,3539.53,786047.9922,0,118.86
13/06/2024,1609.75,765832.6776,0,110.0129
14/06/2024,2880.22,812273.8516,0,92.024
15/06/2024,1782.188,1624539.893,0,114.4403
16/06/2024,6310.0224,1233594.804,0,102.6681
17/06/2024,3176.04,1019002.273,0,92.756
18/06/2024,1509.5872,634783.1409,0,93.8326
19/06/2024,1959.02,986945.8152,0,107.0472
20/06/2024,2046.4752,865977.138,0,93.9582
21/06/2024,3857.478,834227.4528,0,98.9912
22/06/2024,3314.1696,1603854.231,0,100.1176
23/06/2024,2283.9872,1478981.571,0,107.181
24/06/2024,5746.56,947906.6636,0,93.633
25/06/2024,4060.38,802404.9622,0,93.8352
26/06/2024,3051.45,752884.96,0,0
27/06/2024,2081.4024,729587.8664,0,0
28/06/2024,2729.394,1027822.364,0,0
29/06/2024,3890.9332,1656731.404,0,0
30/06/2024,8780.31,1825123.204,0,0
01/07/2024,4339.6245,1098980.956,0,0
02/07/2024,8647.08,939389.0399,0,0
03/07/2024,4211.76,972156.905,0,0
04/07/2024,5393.636,965276.1096,0,0
05/07/2024,2576.54,924489.8722,0,0
06/07/2024,4655.0016,1685028.033,0,0
07/07/2024,5891.4416,2420267.328,0,0
08/07/2024,5040.7084,1138680.125,0,0
09/07/2024,4899,977584.6216,0,0
10/07/2024,5047.12,929454.0486,0,0
11/07/2024,8333,892096.3624,0,0
12/07/2024,4717.76,978125.6448,0,0
13/07/2024,7683.4156,2273557.155,0,0
14/07/2024,6026.8,2138336.523,0,0
15/07/2024,4472.946,1443133.659,0,0
16/07/2024,5941.2068,1239239.099,0,0
17/07/2024,3595.52,1077347.301,0,0
18/07/2024,4754.1,986803.938,0,0
19/07/2024,3976.5,824990.6603,0,0
20/07/2024,3531.16,1906212.341,0,0
21/07/2024,3467.52,1749007.056,0,0
22/07/2024,7239.3024,1436678.707,0,0
23/07/2024,2372.67,1331642.018,0,0
24/07/2024,2418.22,1084363.738,0,0
25/07/2024,2902.2872,946134.1212,0,0
26/07/2024,1977.94,1078349.689,0,0
27/07/2024,4110.37,1666953.586,0,0
28/07/2024,5685.44,1855020.284,0,0
29/07/2024,6262.44,1237193.004,0,0
30/07/2024,1319.901,1012002.492,0,0
31/07/2024,5506.6,811698.796,0,0
01/08/2024,4434.584,895337.8059,0,0
02/08/2024,1904.848,1039806.382,0,0
03/08/2024,5607.3696,1999947.145,0,0
04/08/2024,5600.7,1940747.078,0,0
05/08/2024,3967.0848,1340992.309,0,0
06/08/2024,2162.94,1320892.229,0,0
07/08/2024,2500.8,1067333.706,0,0
08/08/2024,3501.216,1314566.252,0,0
09/08/2024,4885.9782,1036653.026,0,0
10/08/2024,1544.4,2010203.813,0,0
11/08/2024,3130.08,1652410.328,0,0
12/08/2024,5003.496,1377822.478,0,0
13/08/2024,1186,1088335.939,0,0
14/08/2024,4522.1512,1123207.506,0,0
15/08/2024,8397.7992,1303150.367,0,0
16/08/2024,1735.605,1287965.26,0,0
17/08/2024,7689.5352,2472038.367,0,0
18/08/2024,7437.605,2355069.516,0,0
19/08/2024,5402.1912,1873575.177,0,0
20/08/2024,6791.0072,1929911.272,0,0
21/08/2024,5563.9104,1657792.305,0,0
22/08/2024,4858.5,1654374.766,0,0
23/08/2024,2987.04,1839011.772,0,0
24/08/2024,7147.53,3557333.27,0,0
25/08/2024,10051.94,3248117.219,0,0
26/08/2024,12825.0696,4904873.603,0,0
27/08/2024,4800.5,2502234.801,0,0
28/08/2024,7774.64,2432913.623,0,0
29/08/2024,6434.5424,1086566.354,0,0
30/08/2024,3940.65,1324828.367,0,0
31/08/2024,8501.4784,2139559.706,0,0
01/09/2024,4886.112,2369022.075,0,0
02/09/2024,4428.3888,2188875.386,0,0
03/09/2024,8658.016,1673224.651,0,0
04/09/2024,4798.9824,860947.7018,0,0
05/09/2024,4292.5524,1099394.654,0,0
06/09/2024,2671.59,1194447.828,0,0
07/09/2024,12389.8016,2348665.322,0,0
08/09/2024,6059.5084,2681005.969,0,0
09/09/2024,4321.44,1372778.512,0,0
10/09/2024,5786.6,1352464.826,0,0
11/09/2024,3771.68,1105261.774,0,0
12/09/2024,4917,1060906.824,0,0
13/09/2024,1072.5,1453718.592,0,0
14/09/2024,7724.34,2229490.182,0,0
15/09/2024,5458.816,2607339.934,0,0
16/09/2024,3008.25,1493232.467,0,0
17/09/2024,4308.02,1099534.724,0,0
18/09/2024,1720.7076,1282534.764,0,0
19/09/2024,6176.25,1363985.405,0,0
20/09/2024,5322.6856,1529234.928,0,0
21/09/2024,8505.408,3215558.282,0,0
22/09/2024,10700.76,3308690.423,0,0
23/09/2024,5648.8,2288211.352,0,0
24/09/2024,7671,1907141.744,0,0
25/09/2024,9028.608,1466520.253,0,0
26/09/2024,4448.1448,1608612.507,0,0
27/09/2024,4624.8,1811523.526,0,0
28/09/2024,7615.602,2979419.027,0,0
29/09/2024,13606.82,3716032.457,0,0
30/09/2024,5195.11,2728638.715,0,0
01/10/2024,8763.3,2303795.771,0,0
02/10/2024,5114.07,1307045.264,0,0
03/10/2024,4108.9408,1396172.773,0,0
04/10/2024,3780.13,1514103.067,0,0
05/10/2024,4708.6256,3100235.664,0,0
06/10/2024,5572.8288,3171537.299,0,0
07/10/2024,8396.66,2247253.293,0,0
08/10/2024,1684.32,1362947.769,0,0
09/10/2024,5353.74,1344105.137,0,0
10/10/2024,5166.882,1158865.803,0,0
11/10/2024,3113.91,1212829.19,0,0
12/10/2024,8967.6288,2970105.665,0,0
13/10/2024,10761.4192,2836015.769,0,0
14/10/2024,4758.9696,1696131.695,0,0
15/10/2024,9846.5892,1827750.913,0,0
16/10/2024,4663.33,1276736.181,0,0
17/10/2024,5997.6744,1117531.674,0,0
18/10/2024,1722,1223742.695,0,0
19/10/2024,4895.2372,2615234.414,0,0
20/10/2024,6511.62,2708493.29,0,0
21/10/2024,7654.42,1819060.104,0,0
22/10/2024,5617.7792,1670591.254,0,0
23/10/2024,6600.978,1326534.87,0,0
24/10/2024,7199.742,1279710.023,0,0
25/10/2024,8163.54,1444868.854,0,0
26/10/2024,10188.2,2409099.908,0,0
27/10/2024,6894.2328,2759554.414,0,0
28/10/2024,8750.8224,1854451.224,0,0
29/10/2024,12286.6304,1919023.247,0,0
30/10/2024,8445.152,1484337.509,0,0
31/10/2024,2370.32,1183862.905,0,0
01/11/2024,8522.7544,1793528.698,0,0
02/11/2024,5846.346,2721900.326,0,0
03/11/2024,5066.8296,3207834.519,0,0
04/11/2024,8867.1992,1965804.016,0,0
05/11/2024,4425.05,1589490.464,0,0
06/11/2024,7662.44,1559955.992,0,0
07/11/2024,4167.846,1316524.591,0,0
08/11/2024,4839.64,1545228.062,0,0
09/11/2024,8935.3656,2636264.528,0,0
10/11/2024,8675.3188,3460874.666,0,0
11/11/2024,4909.2,2032024.566,0,0
12/11/2024,7207.8688,1580175.53,0,0
13/11/2024,7104.48,1085527.039,0,0
14/11/2024,4418.526,1137085.173,0,0
15/11/2024,5581.1984,1285372.706,0,0
16/11/2024,9441.048,2341440.701,0,0
17/11/2024,7160.814,2459840.978,0,0
18/11/2024,10703.82,1883789.889,0,0
19/11/2024,6119.8568,1374424.909,0,0
20/11/2024,4961.6,1287378.649,0,0
21/11/2024,4910,1068965.599,0,0
22/11/2024,9341.8664,1426861.936,0,0
23/11/2024,15257.646,2497607.552,0,0
24/11/2024,12174.6588,2422922.289,0,0
25/11/2024,8655.674,1369928.718,0,0
26/11/2024,8908.396,1214613.972,0,0
27/11/2024,10115.82,1339273.745,0,0
28/11/2024,6918.2908,1063635.179,0,0
29/11/2024,10342.3957,1503886.487,0,0
30/11/2024,12134.94,2262807.294,0,0
01/12/2024,11718.1622,2521900.816,0,0
02/12/2024,7971.75,1706341.361,0,0
03/12/2024,10995.7736,1497286.333,0,0
04/12/2024,8064.349,1695585.615,0,0
05/12/2024,2747.04,442385.2755,0,0
06/12/2024,364.56,719956.776,0,0
07/12/2024,2916.86,989416.5146,0,0
08/12/2024,2983.9648,966016.5746,0,0
09/12/2024,2221.34,715371.2091,0,0
10/12/2024,427.42,544643.183,0,0
11/12/2024,5968,582521.5958,0,0
12/12/2024,1002.86,484959.7204,0,0
13/12/2024,3544.8192,527720.0216,0,0
14/12/2024,3803.35,665896.0027,0,0
15/12/2024,3724.75,819312.6173,0,0
16/12/2024,518.24,548382.517,0,0
17/12/2024,1114.13,455168.5672,0,0
18/12/2024,1035.64,350660.0222,0,0
19/12/2024,1894.2,813471.1288,0,0
20/12/2024,3516.3,679535.1449,0,0
21/12/2024,4932.846,1091948.535,0,0
22/12/2024,3217.15,977259.6708,0,0
23/12/2024,4396.44,362425.3568,0,0
24/12/2024,0,197320.388,0,0
25/12/2024,1442.56,315696.184,0,0
26/12/2024,12835.1976,3681598.692,0,0
27/12/2024,6889.8312,3976235.516,0,0
28/12/2024,11608.366,4726281.138,0,0
29/12/2024,11178.104,4697519.034,0,0
30/12/2024,11689.0823,4190184.045,0,0
31/12/2024,6716.77,3407196.876,0,0
01/01/2025,10170.174,3322556.728,0,0
02/01/2025,9086.4,4105613.157,0,0
03/01/2025,9247.8372,3218336.993,0,0
04/01/2025,10360.38,5038123.145,0,0
05/01/2025,12825,4220384.42,0,0
06/01/2025,6833.0304,2358062.453,0,0
07/01/2025,7395.045,2252914.194,0,0
08/01/2025,11381.856,2492452.087,0,0
09/01/2025,4303.8408,1404496.966,0,0
10/01/2025,7345.97,1759941.398,0,0
11/01/2025,6725.76,4167731.055,0,0
12/01/2025,10467.6936,3798100.148,0,0
13/01/2025,6549.9672,1855939.284,0,0
14/01/2025,8446.7652,1982772.114,0,0
15/01/2025,10915.0624,2261969.623,0,0
16/01/2025,3486.72,1217690.604,0,0
17/01/2025,6477.552,1404892.311,0,0
18/01/2025,4710.1936,3055743.404,0,0
19/01/2025,16869.6192,3534054.875,0,0
20/01/2025,4049.55,1618439.064,0,0
21/01/2025,6351.84,1481055.928,0,0
22/01/2025,5115.9528,1714013.346,0,0
23/01/2025,3240.8068,1267977.364,0,0
24/01/2025,5719.5,1388774.188,0,0
25/01/2025,9814.8336,3227278.923,0,0
26/01/2025,12305.92,3433231.467,0,0
27/01/2025,3095.82,1692592.793,0,0
28/01/2025,3806.55,1924642.7,0,0
29/01/2025,5081.571,1495989.933,0,0
30/01/2025,2733.75,1108584.332,0,0
31/01/2025,4664.7853,1474189.283,0,0
01/02/2025,9341.226,2422358.978,0,0
02/02/2025,10209.3964,2994555.807,0,0
03/02/2025,7638.624,1593048.558,0,0
04/02/2025,7123.038,1382838.891,0,0
05/02/2025,6069.0812,1214857.204,0,0
06/02/2025,7425.9276,1170739.531,0,0
07/02/2025,6264.8362,1189654.024,0,0
08/02/2025,6020.6286,2620015.886,0,0
09/02/2025,4050.39,2695860.349,0,0
10/02/2025,8092.744,1661292.798,0,0
11/02/2025,8772.9488,1587467.903,0,0
12/02/2025,5602.076,1530653.253,0,0
13/02/2025,2685.3696,1110351.128,0,0
14/02/2025,2205.2,1274859.849,0,0
15/02/2025,5031.5,2746500.743,0,0
16/02/2025,4624.2624,2606860.874,0,0
17/02/2025,4050.34,1589371.14,0,0
18/02/2025,4653.91752,1353427.589,0,0
19/02/2025,5350.8,1321128.042,0,0
20/02/2025,5171.4,1372641.815,0,0
21/02/2025,4422.3652,1637012.054,0,0
22/02/2025,8753.2296,2827657.556,0,0
23/02/2025,6995.56,2806271.784,0,0
24/02/2025,3539.52,1662884.137,0,0
25/02/2025,1470.568,1451311.615,0,0
26/02/2025,4235.71,1412556.093,0,0
27/02/2025,5033.8944,1210267.342,0,0
28/02/2025,6467.2564,1706346.847,0,0
01/03/2025,6828.8656,2985460.798,0,0
02/03/2025,7473.12,3004635.601,0,0
03/03/2025,7407.94,2093442.902,0,0
04/03/2025,7683.7248,1770884.858,0,0
05/03/2025,3964.924,1004587.729,0,0
06/03/2025,2867.9112,1028639.618,0,0
07/03/2025,1494,938502.1473,0,0
08/03/2025,7750.2,1854814.666,0,0
09/03/2025,5495.2968,2229287.363,0,0
10/03/2025,4693.0128,1380668.045,0,0
11/03/2025,2750.71,1074689.475,0,0
12/03/2025,5761,1177401.177,0,0
13/03/2025,1992.4,1222925.555,0,0
14/03/2025,3756,1044996.028,0,0
15/03/2025,8951.94,2213191.534,0,0
16/03/2025,8831.1872,2524554.596,0,0
17/03/2025,5453.6384,1722591.622,0,0
18/03/2025,2118.8496,1337778.097,0,0
19/03/2025,4197.9352,882272.9984,0,0
20/03/2025,4735.152,810878.1022,0,0
21/03/2025,2737.152,1170272.131,0,0
22/03/2025,8493.792,1890388.214,0,0
23/03/2025,8118.31,2261939.769,0,0
24/03/2025,1796.21,1231280.867,0,0
25/03/2025,4974,1112323.444,0,0
26/03/2025,5045.74,837362.9885,0,0
27/03/2025,3040.94,884685.3984,0,0
28/03/2025,3806.2052,1104081.121,0,0
29/03/2025,10079.79,1914683.569,0,0
30/03/2025,4536.5,1669931.535,0,0
31/03/2025,3147.36,1082426.76,0,0
01/04/2025,2729.6,902290.992,0,0
02/04/2025,5320.92,1089664.08,0,0
03/04/2025,2141.7336,987445.3838,0,0
04/04/2025,2780.21,942206.9584,0,0
05/04/2025,6462,1885547.462,0,0
06/04/2025,6560.66,1769419.644,0,0
07/04/2025,3016.552,1049803.575,0,0
08/04/2025,7472.5528,1034266.517,0,0
09/04/2025,5982.624,1085596.42,0,0
10/04/2025,5594.45,982541.2686,0,0
11/04/2025,4029.3236,1183376.363,0,0
12/04/2025,4986.45,1788739.134,0,0
13/04/2025,6955.942,2099583.652,0,0
14/04/2025,2306.92,1316412.83,0,0
15/04/2025,6326.6008,1418921.893,0,0
16/04/2025,6526.89,1214541.984,0,0
17/04/2025,7638.912,1164197.998,0,0
18/04/2025,6550.2588,2676380.482,0,0
19/04/2025,6550.1952,3133830.763,0,0
20/04/2025,5021.68,930858.6948,0,0
21/04/2025,14507.0976,3780822.165,0,0
22/04/2025,6862.016,1732715.107,0,0
23/04/2025,3647.67,1683656.734,0,0
24/04/2025,6562.512,1134144.855,0,0
25/04/2025,4782.4084,1102994.823,0,0
26/04/2025,4210.56,2306779.971,0,0
27/04/2025,4281.06,2045558.874,0,0
28/04/2025,6558.2208,1163428.46,0,0
29/04/2025,7088.97,1096481.278,0,0
30/04/2025,5652.64,938123.0825,0,0
01/05/2025,4301.1,777843.6296,0,0
02/05/2025,6095.8832,909657.5267,0,0
03/05/2025,9303.5,1698892.123,0,0
04/05/2025,6415.5648,2201038.871,0,0
05/05/2025,12791.5,3146846.607,0,0
06/05/2025,6161.04,1337370.766,0,0
07/05/2025,11891.3788,1401906.962,0,0
08/05/2025,5983.1816,726606.934,0,0
09/05/2025,1942.65,805799.1222,0,0
10/05/2025,3799.68,1427621.096,0,0
11/05/2025,4418.57,1367584.144,0,0
12/05/2025,2835.486,867684.438,0,0
13/05/2025,3039.5,741798.6354,0,0
14/05/2025,537.93,805380.3068,0,0
15/05/2025,4078,700396.5436,0,0
16/05/2025,2167.26,785652.9806,0,0
17/05/2025,4902.5996,1575052.628,0,0
18/05/2025,3154.3072,1522872.883,0,0
19/05/2025,3791.31,992645.7059,0,0
20/05/2025,3418.146,783852.7249,0,0
21/05/2025,4812.2312,892796.7192,0,0
22/05/2025,4445.66,1005716.309,0,0
23/05/2025,3544.86,1097734.373,0,0
24/05/2025,3988.2192,2041642.536,0,0
25/05/2025,5030.95488,1870447.675,0,0
26/05/2025,8419.797,3023881.865,0,0
27/05/2025,4530.91,1360702.538,0,0
28/05/2025,1360.8,1233877.231,0,0
29/05/2025,10724.5,1062713.882,0,0
30/05/2025,5336.0448,1307757.11,0,0
31/05/2025,4652.6838,1889522.957,0,0
01/06/2025,6854.38,2514871.892,0,0
02/06/2025,4737.2,1404772.567,0,0
03/06/2025,8878.08,1206025.368,0,0
04/06/2025,7176.8592,1034693.456,0,0
05/06/2025,2527.8,1026128.879,0,0
06/06/2025,3757.0944,1057349.902,0,0
07/06/2025,7685.76,2426962.28,0,0
08/06/2025,10314.62,2649777.446,0,0
09/06/2025,4191.95,1558437.664,0,0
10/06/2025,7521.12,1359205.124,0,0
11/06/2025,3194.72,1122647.729,0,0
12/06/2025,4940.4,870479.282,0,0
13/06/2025,4390.5408,1075605.129,0,0
14/06/2025,5237.68,2349298.05,0,0
15/06/2025,6310.35,1982147.118,0,0
16/06/2025,4681.2,1456094.205,0,0
17/06/2025,4557.6,1229427.956,0,0
18/06/2025,3921.64,798851.1311,0,0
19/06/2025,6554.0936,708915.6844,0,0
20/06/2025,2396.1872,818279.419,0,0
21/06/2025,8126.04,1278527.528,0,0
22/06/2025,6190.26,1790548.716,0,0
23/06/2025,5591.3472,1283490.356,0,0
24/06/2025,3049.5,1242135.912,0,0
25/06/2025,4683.42,759772.5518,0,0
26/06/2025,5666.5008,911520.3359,0,0
27/06/2025,5402.1932,854254.8435,0,0
28/06/2025,6923.46,1694395.615,0,0
29/06/2025,6513.6736,1640584.151,0,0
30/06/2025,5918,977925.3644,0,0
01/07/2025,8018.3608,846721.2906,151.0782,0
02/07/2025,3284.34,1084191.27,238.7232,0
03/07/2025,5101.338,1042833.587,183.6431,0
04/07/2025,4360.2768,994214.66,361.2294,0
05/07/2025,14357.6832,1843698.032,692.5392,0
06/07/2025,7938.2228,2160566.756,875.7767,0
07/07/2025,8551.9728,1360977.062,637.2036,0
08/07/2025,10976.368,1132150.137,677.9475,0
09/07/2025,6957.95,1035639.198,737.9136,0
10/07/2025,3964.74,855084.876,494.0998,0
11/07/2025,5878.4,874927.7464,561.1728,0
12/07/2025,8979.1268,1508509.786,590.5722,0
13/07/2025,11234.7136,1557295.31,704.613,0
14/07/2025,8448,1451308.175,812.5776,0
15/07/2025,10013.064,1264757.794,657.0742,0
16/07/2025,9434.832,1023051.967,791.6146,0
17/07/2025,6114.626,1045001.595,795.0962,0
18/07/2025,8240.1,990920.0245,798.864,0
19/07/2025,13274.352,1957552.134,1063.2776,0
20/07/2025,11235.0744,2198381.691,1109.5308,0
21/07/2025,8944.552,1644221.171,846.4974,0
22/07/2025,6963.7984,1250120.221,816.845,0
23/07/2025,2770.35,1047387.331,692.448,0
24/07/2025,12197.7648,1278834.187,693.285,0
25/07/2025,5501.094,1269904.444,571.9275,0
26/07/2025,10375.4592,2180857.057,637.665,0
27/07/2025,10390.464,2350091.328,959.145,0
28/07/2025,9951.89,1461227.435,783.4224,0
29/07/2025,7674.48,1571856.231,582.7658,0
30/07/2025,15465.936,1084811.254,592.353,0
31/07/2025,7736.256,1114459.43,793.21,0
01/08/2025,6781.8744,1120560.638,768.3932,0
02/08/2025,10097.28,1923440.88,628.5654,0
03/08/2025,10595.8908,2269557.217,700.7839,0
04/08/2025,5478,1669475.693,735.0988,0
05/08/2025,8394.4296,1444379.071,841.6002,0
06/08/2025,10312.7984,1146152.866,660.1644,0
07/08/2025,9054.36,1522423.556,766.6057,0
08/08/2025,13573.196,1368672.68,604.0858,0
09/08/2025,9332.592,2030761.234,837.8265,0
10/08/2025,11365.83,1934126.249,984.4786,0
11/08/2025,16582.566,1417918.617,774.8428,0
12/08/2025,6552.16,1160689.014,977.4226,0
13/08/2025,11913.93,1252168.144,932.9056,0
14/08/2025,10771.56,1289383.316,865.891,0
15/08/2025,9317,1323607.27,800.176,0
16/08/2025,13660.8,2339360.452,1131.8069,0
17/08/2025,13047.28,2455163.397,1174.35,0
18/08/2025,5358.04,1452380.614,1042.2082,0
19/08/2025,12386.6012,1669985.833,1197.3236,0
20/08/2025,6916.79,1250020.813,988.7334,0
21/08/2025,7232.9472,1315004,1031.688,0
22/08/2025,12084.66,1713305.82,913.7875,0
23/08/2025,12373.9352,3102033.008,1136.0942,0
24/08/2025,20450.3964,2617580.113,1260.8508,0
25/08/2025,23796.592,3639694.126,1113.17,0
26/08/2025,21355.49,1985569.604,968.3127,0
27/08/2025,12849.26,2575544.985,996.816,0
28/08/2025,11172.6448,1355698.684,1054.7599,0
29/08/2025,12706.4,1299800.329,1036.432,0
30/08/2025,20490.988,2611160.053,1028.3825,0
31/08/2025,10593.1464,2712213.704,945.3329,0
01/09/2025,11586.096,2335517.009,913.4678,0
02/09/2025,19242.5337,2096530.968,818.8194,0
03/09/2025,8522.774,1067293.583,914.4837,0
04/09/2025,9332.24,1044508.004,771.7389,0
05/09/2025,8984.7,1011658.804,940.0468,0
06/09/2025,8031.5664,2192527.846,1074.204,0
07/09/2025,22802.9568,2426834.002,1579.932,0
08/09/2025,4252.16,1269821.641,853.1974,0
09/09/2025,9843.54,1216760.334,1043.845,0
10/09/2025,2662.71,1317641.312,850.0294,0
11/09/2025,8399.482,1177944.839,716.092,0
12/09/2025,7657.32,1162409.646,521.5872,0
13/09/2025,11245.64,2769887.145,640.584,0
14/09/2025,10977.85,2590655.265,694.3062,0
15/09/2025,11582.2476,1557957.002,400.729,0
16/09/2025,7754.34,1157228.273,427.3152,0
17/09/2025,16613.112,1518525.549,619.4496,0
18/09/2025,16543.72,1589633.154,723.765,0
19/09/2025,13373.9408,1289042.431,513.2011,0
20/09/2025,13244.894,2826192.439,994.014,0
21/09/2025,16281.9004,3411592.174,1144.27,0
22/09/2025,15013.7856,1892471.751,736.02,0
23/09/2025,11985.0948,1565616.861,760.95,0
24/09/2025,12832.44,1339003.9,709.0986,0
25/09/2025,9834.496,1657553.862,703.8384,0
26/09/2025,12268.5816,1626274.866,599.5791,0
27/09/2025,13822.28,3681289.489,852.5827,0
28/09/2025,13422.72,4229497.314,1005.5249,0
29/09/2025,20232.057,2609233.759,715.1936,0
30/09/2025,12843.116,2170339.311,771.1149,0
01/10/2025,7512.394,1506293.015,780.9762,0
02/10/2025,6316.536,1239671.05,809.667,0
03/10/2025,8298.62,1361432.506,919.2768,0
04/10/2025,5876.64,3143160.011,1162.4104,0
05/10/2025,14218.344,3697876.273,1445.7888,0
06/10/2025,9965.0232,2093116.61,869.8896,0
07/10/2025,5337.5,1850374.045,748.008,0
08/10/2025,13334.4,1224302.981,607.2387,0
09/10/2025,14238.6744,1202727.667,726.2356,0
10/10/2025,10539.27,1514937.899,820.61,0
11/10/2025,19069.1584,3101523.823,860.0119,0
12/10/2025,22367.5092,2940510.35,1017.4445,0
13/10/2025,15279.652,2089870.481,671.3012,0
14/10/2025,10233.216,1557874.191,770.095,0
15/10/2025,16848.128,1268161.68,638.3328,0
16/10/2025,15720.88,1394973.243,656.5947,0
17/10/2025,16336.6636,1375123.65,752.49,0
18/10/2025,20583.5256,3065268.674,969.3017,0
19/10/2025,13908.72,3550347.466,1085.5824,0
20/10/2025,11789.0784,2104719.927,710.604,0
21/10/2025,14485.874,1989587.47,636.0173,0
22/10/2025,14247.144,1308267.502,554.708,0
23/10/2025,7215.768,1370274.489,800.1444,0
24/10/2025,15633.408,1322844.643,847.3878,0
25/10/2025,16341.3648,2599909.698,1221.0345,0
26/10/2025,27703.921,3255227.446,1566.4663,0
27/10/2025,19577.7792,2231760.666,997.524,0
28/10/2025,20122.3108,2010961.191,961.58,0
29/10/2025,9089.1396,1460182.286,714.1344,0
30/10/2025,7184.0392,1350331.134,698.9135,0
31/10/2025,5855.124,1429031.751,593.3475,0
01/11/2025,12304.682,2847457.433,910.08,0
02/11/2025,14088.6,3394814.602,912.5288,0
03/11/2025,16557.1,2067764.707,712.1187,0
04/11/2025,15728.3,1644051.747,644.684,0
05/11/2025,11010.622,1411899.199,917.6544,0
06/11/2025,14135.1744,1370110.731,735.608,0
07/11/2025,9366.06,1386025.178,841.441,0
08/11/2025,15660.93,3184662.332,1174.0948,0
09/11/2025,14542.72,3120223.575,1173.1991,0
10/11/2025,16470.5376,2032238.447,898.9925,0
11/11/2025,6821.02,1622073.848,767.4462,0
12/11/2025,6588,1348351.703,722.448,0
13/11/2025,10153.87992,1298534.555,753.5572,0
14/11/2025,12440.35,1432917.532,750.9984,0
15/11/2025,14887.0088,2529080.912,836.8715,0
16/11/2025,22552.6422,2975652.035,1071.1386,0
17/11/2025,24557.6152,1808816.812,752.2515,0
18/11/2025,10893.4,1225535.025,723.3718,0
19/11/2025,8856.603,1219912.16,700.2002,0
20/11/2025,11762.9392,1123851.448,653.5158,0
21/11/2025,14999.8272,1113765.256,723.692,0
22/11/2025,14571.362,2384038.775,1238.2944,0
23/11/2025,17813.416,2701025.222,1028.2331,0
24/11/2025,9177.6,1460315.907,636.957,0
25/11/2025,11707.3664,1127026.733,522.732,0
26/11/2025,7853.5725,1085188.187,911.81,0
27/11/2025,3306.8,1119913.205,1045.416,0
28/11/2025,17485.3024,1787808.285,1186.6005,0
29/11/2025,21387.496,2561071.12,1634.0064,0
30/11/2025,14104.916,2676067.808,1494.549,0
01/12/2025,18168.9856,1678777.313,1181.8228,0
02/12/2025,4610.7432,887796.9536,1116.8093,0
03/12/2025,23187.3744,1838591.131,997.6284,0
04/12/2025,14699.334,1658023.308,979.5149,0
05/12/2025,8738.14,570941.343,671.72,0
06/12/2025,5695,838508.3474,505.145,0
07/12/2025,4674.56,831166.4036,581.93,0
08/12/2025,7039.0828,631775.7792,320.1909,0
09/12/2025,3382.6,489900.3132,311.7331,0
10/12/2025,12003.0464,426480.039,272.0578,0
11/12/2025,7382.31,434265.6599,292.9134,0
12/12/2025,3978.54,442363.803,233.6491,0
13/12/2025,4074.46,760566.771,258.8863,0
14/12/2025,6249.45,762650.6316,308.68,0
15/12/2025,9324.9288,437525.7114,217.206,0
16/12/2025,4286.08,458540.866,244.5256,0
17/12/2025,2605.76,353693.8515,264.9278,0
18/12/2025,4494.66,373674.492,217.845,0
19/12/2025,2404.71,322754.4597,246.3377,0
20/12/2025,10971,595658.8368,303.669,0
21/12/2025,6144.792,499959.7366,378.708,0
22/12/2025,6512.22,1099669.243,389.7474,0
23/12/2025,6268.65,374625.666,408.744,0
24/12/2025,3243,289734.608,737.155,0
25/12/2025,3926.16,293680.894,1444.5591,0
26/12/2025,25833.78,3699959.584,2437.415,0
27/12/2025,26614.8608,4321724.32,1990.2915,0
28/12/2025,16769.14,3703176.724,1845.4009,0
29/12/2025,19762.3016,4720042.041,2208.5958,0
30/12/2025,15411.3023,3571804.514,2252.9144,0
31/12/2025,24307.9518,2401330.724,2236.0185,0
01/01/2026,17249.4784,2594987.671,2622.9873,0
02/01/2026,29933.5296,3436542.791,2881.725,0
03/01/2026,23158.2912,5013115.807,3210.455,0
04/01/2026,35731.4016,4289457.501,3280.525,0
05/01/2026,21162.2656,2222808.99,2619.3364,0
06/01/2026,13342.56,2312780.352,2950.8624,0
07/01/2026,12283.8864,1950302.059,2550.218,0
08/01/2026,11960.32,1302907.305,2233.0424,0
09/01/2026,22754.0016,1689528.747,2366.1825,0
10/01/2026,34923.24,3746573.358,2541.8155,0
11/01/2026,27602.7776,4328156.593,3031.5893,0
12/01/2026,15219.96,2394262.811,2445.795,0
13/01/2026,17460.3008,2030872.189,1984.0944,0
14/01/2026,19472.2416,2100195.462,2066.9154,0
15/01/2026,11219.5944,1200653.891,1532.2766,0
16/01/2026,8264.3696,1389627.807,1698.3414,0
17/01/2026,28405.39008,3018485.401,2347.7297,0
18/01/2026,18600.216,2959802.431,3118.9235,0
19/01/2026,15055.132,1683868.926,1546.425,0
20/01/2026,16072.8056,1494437.696,1351.0041,0
21/01/2026,15506.4416,1354028.592,1459.629,0
22/01/2026,11483.64,1075662.383,1356.0053,0
23/01/2026,10131.5808,1117823.422,1063.3186,0
24/01/2026,12972.272,2610508.651,1660.7424,0
25/01/2026,16679.7856,2547907.519,1592.616,0
26/01/2026,14295.6,1440628.528,1025.2501,0
27/01/2026,12670.94,1340870.541,925.7132,0
28/01/2026,6441.6,1248623.983,920.4356,0
29/01/2026,8509.41,1143609.993,1014.1236,0
30/01/2026,8933.6192,1290111.624,936.837,0
31/01/2026,16908.64,2895024.974,1248.75,0
01/02/2026,16949.46,2439372.868,1241.4057,0
02/02/2026,10026.6,1480202.619,911.8395,0
03/02/2026,9767.26,1369752.576,992.752,0
04/02/2026,19739.72,1484881.018,1171.6128,0
05/02/2026,9872.85,927987.6736,1348.49,0
