date,dining_revenue,non_dining_revenue,ppc_spend,meta_spend
26/06/2023,11593.67965,1252772.492,0,0
27/06/2023,5544.961387,1141303.582,0,0
28/06/2023,11814.85734,1125907.756,0,0
29/06/2023,5135.236994,1145528.845,0,0
30/06/2023,10693.64162,1245490.042,0,0
01/07/2023,13194.28902,2413895.726,0,0
02/07/2023,14807.08092,2529620.3,0,0
03/07/2023,8191.599075,1578389.948,0,0
04/07/2023,6285.069364,1433111.22,0,0
05/07/2023,4783.126474,1331923.184,0,0
06/07/2023,7518.496647,1285788.131,0,0
07/07/2023,2946.208092,1292628.376,0,0
08/07/2023,10297.21249,2420386.186,0,0
09/07/2023,10026.21642,2615206.259,0,0
10/07/2023,7223.566474,1684881.429,0,0
11/07/2023,11073.16717,1529202.706,0,0
12/07/2023,6592.439306,1443348.458,0,0
13/07/2023,10697.6185,1391320.649,0,0
14/07/2023,6796.824971,1434658.594,0,0
15/07/2023,13865.82659,3061593.26,0,0
16/07/2023,16030.72092,3130227.855,0,0
17/07/2023,14858.30266,1995335.422,0,0
18/07/2023,11185.75584,1856417.89,0,0
19/07/2023,3319.942197,1443822.317,0,0
20/07/2023,4445.121387,1359227.891,0,0
21/07/2023,8871.995376,1379053.067,0,0
22/07/2023,12102.41549,2892576.386,0,0
23/07/2023,11798.18035,2988645.467,0,0
24/07/2023,7297.115376,2007030.575,0,0
25/07/2023,7045.944451,1792637.896,0,0
26/07/2023,5133.990173,1523915.152,0,0
27/07/2023,4683.815029,1484461.186,0,0
28/07/2023,5982.282543,1343017.01,0,0
29/07/2023,11003.88439,2672129.063,0,0
30/07/2023,10119.26474,2865689.213,0,0
31/07/2023,10446.39214,1866925.26,0,0
01/08/2023,7515.454335,1653072.149,0,0
02/08/2023,5894.89711,1601412.341,0,0
03/08/2023,7411.449711,1594483.884,0,0
04/08/2023,5498.299884,1553341.409,0,0
05/08/2023,9755.665896,3089528.749,0,0
06/08/2023,10499.62139,2865664.632,0,0
07/08/2023,10829.91329,2095145.775,0,0
08/08/2023,5376.520231,1711899.701,0,0
09/08/2023,5777.411098,1643087.569,0,0
10/08/2023,6249.884393,1413318.805,0,0
11/08/2023,5410.959538,1572870.635,0,0
12/08/2023,4533.169942,2723936.022,0,0
13/08/2023,10476.52855,3204077.369,0,0
14/08/2023,10338.31329,2145560.519,0,0
15/08/2023,7409.593064,1841695.645,0,0
16/08/2023,8068.612717,1332580.498,0,0
17/08/2023,7745.568786,1443208.948,0,0
18/08/2023,7147.296416,1606037.267,0,0
19/08/2023,8815.398844,2589620.191,0,0
20/08/2023,9591.469595,2378011.555,0,0
21/08/2023,7252.850867,1780370.059,0,0
22/08/2023,5974.150289,1679572.347,0,0
23/08/2023,8751.953757,1559049.762,0,0
24/08/2023,8932.752832,1616604.202,0,0
25/08/2023,4704.829595,1806597.314,0,0
26/08/2023,11374.79769,3174390.56,0,0
27/08/2023,21233.21029,3428803.416,0,0
28/08/2023,20438.46416,4844387.347,0,0
29/08/2023,11041.03121,2328499.248,0,0
30/08/2023,11563.63006,2177999.529,0,0
31/08/2023,8154.359075,1752628.443,0,0
01/09/2023,10836.77457,1845002.682,0,0
02/09/2023,8523.59815,2992873.871,0,0
03/09/2023,13777.52324,2916813.285,0,0
04/09/2023,15988.6474,2396348.424,0,0
05/09/2023,15271.85549,2212822.019,0,0
06/09/2023,6633.686705,1019262.157,0,0
07/09/2023,3514.971098,1021420.151,0,0
08/09/2023,4818.381503,1117508.451,0,0
09/09/2023,4070.381503,1888373.249,0,0
10/09/2023,8367.050173,2421781.72,0,0
11/09/2023,10274.52902,1431863.164,0,0
12/09/2023,8612.809249,1399785.297,0,0
13/09/2023,4759.96763,1348252.474,634.45,0
14/09/2023,8052.291792,1303792.134,1052.16,0
15/09/2023,4534.491329,1442560.554,1062.86,0
16/09/2023,6168.176647,2707290.424,1312.46,0
17/09/2023,15582.40462,3010722.504,954.58,0
18/09/2023,8649.89896,1706083.949,731.7,0
19/09/2023,10164.80347,1560530.158,864.61,0
20/09/2023,9539.421965,1611522.287,1200.89,0
21/09/2023,10416.31075,1444981.319,1061.99,0
22/09/2023,7137.710983,1779870.985,631.14,0
23/09/2023,10350.18104,3324729.447,418.89,0
24/09/2023,6896.18659,3548308.601,353.04,0
25/09/2023,10269.54913,2105288.761,306.57,0
26/09/2023,6105.381503,1901689.406,34.04,0
27/09/2023,6228.540116,1595076.326,0,0
28/09/2023,6357.560231,1737082.304,0,0
29/09/2023,8949.814335,1713334.13,0,0
30/09/2023,8754.964855,3490476.563,0,0
01/10/2023,15490.18497,4266271.215,0,0
02/10/2023,7134.080462,2187531.2,0,0
03/10/2023,8183.042428,2111890.512,0,0
04/10/2023,5072.691329,1700863.29,0,0
05/10/2023,9436.669364,1681037.562,0,0
06/10/2023,5693.641618,1868284.028,0,0
07/10/2023,6654.936416,3479830.221,0,0
08/10/2023,9766.03422,3831766.238,0,0
09/10/2023,8867.561618,2081359.28,0,0
10/10/2023,5283.50289,1901944.177,0,0
11/10/2023,4542.554913,1687878.2,0,0
12/10/2023,7666.588902,1720758.562,0,0
13/10/2023,6666.175145,1900616.475,0,0
14/10/2023,11420.11561,3783876.153,0,0
15/10/2023,10510.12717,4132101.423,0,0
16/10/2023,12478.3815,2750869.243,0,0
17/10/2023,5783.976879,2468064.741,0,0
18/10/2023,12171.84277,1437704.497,0,0
19/10/2023,8689.853179,1456358.003,0,0
20/10/2023,9550.283931,1565594.815,0,0
21/10/2023,15184.90173,3234690.045,0,0
22/10/2023,14565.36416,3353581.85,0,0
23/10/2023,8493.946821,2087637.358,0,0
24/10/2023,15533.66474,1790584.742,0,0
25/10/2023,10852.10081,1738846.957,0,0
26/10/2023,12828.18497,1673147.903,0,0
27/10/2023,7896.393064,1746183.942,0,0
28/10/2023,12138.30266,2996894.329,0,0
29/10/2023,18741.98705,3265832.207,0,0
30/10/2023,13916.34682,2183513.023,0,0
31/10/2023,15421.06405,1770421.514,0,0
01/11/2023,11080.92486,1603056.785,0,0
02/11/2023,12514.48092,1733998.9,0,0
03/11/2023,9399.606936,1887964.837,0,0
04/11/2023,19878.06358,3409398.938,0,0
05/11/2023,13652.5526,3701994.842,0,0
06/11/2023,10797.80254,2193869.447,0,0
07/11/2023,10651.2148,1808078.143,0,0
08/11/2023,12178.16324,1604378.768,0,0
09/11/2023,6751.06185,1732066.31,0,0
10/11/2023,9376.536416,1864559.775,0,0
11/11/2023,16309.03538,3471838.319,0,0
12/11/2023,17185.59538,3544515.509,0,0
13/11/2023,14113.58879,2492873.402,0,0
14/11/2023,9144.199769,2079270.034,0,0
15/11/2023,14011.99075,1549038.23,0,0
16/11/2023,11654.19653,1433756.954,0,0
17/11/2023,8751.348208,1714491.613,0,0
18/11/2023,21234.06786,3407468.415,0,0
19/11/2023,17002.87538,3424521.641,0,0
20/11/2023,10059.39884,2039347.089,0,0
21/11/2023,12580.45491,1938644.074,0,0
22/11/2023,6543.273064,1432947.421,0,0
23/11/2023,12567.20231,1399078.34,0,0
24/11/2023,13308.41387,1990897.509,0,0
25/11/2023,13992.20671,2771762.769,0,0
26/11/2023,18136.9378,3043918.293,0,0
27/11/2023,11793.06358,2009775.254,0,0
28/11/2023,13113.36416,1696638.712,0,0
29/11/2023,13880.53873,1662360.173,0,0
30/11/2023,10342.09249,773121.4897,0,0
01/12/2023,7282.357803,780891.416,0,0
02/12/2023,7895.649017,1352543.853,0,0
03/12/2023,9146.774566,1429588.859,0,0
04/12/2023,7603.474682,878313.2797,0,0
05/12/2023,2238.863815,741553.5036,0,0
06/12/2023,4903.468208,650164.9318,0,0
07/12/2023,5809.686243,577127.492,0,0
08/12/2023,7429.02289,704936.0405,0,0
09/12/2023,5373.164393,1226224.449,0,0
10/12/2023,7261.26659,1279430.68,0,0
11/12/2023,7129.77052,803882.2661,0,0
12/12/2023,3103.158382,656117.6191,0,0
13/12/2023,6573.943353,674734.3283,0,0
14/12/2023,4784.532659,597382.2188,0,0
15/12/2023,4410.763006,588094.1808,0,0
16/12/2023,777.6763006,907052.9013,0,0
17/12/2023,3805.861734,883078.4377,0,0
18/12/2023,3530.259422,619737.9684,0,0
19/12/2023,712.9092486,520452.0116,0,0
20/12/2023,2036.521965,823476.1366,0,0
21/12/2023,7044.954451,926569.9422,0,0
22/12/2023,5615.329942,923037.7861,0,0
23/12/2023,4943.745665,461970.8474,0,0
24/12/2023,3174.294798,417364.8867,0,0
25/12/2023,1122.676301,371116.5318,0,0
26/12/2023,22893.20786,5544308.677,0,0
27/12/2023,21076.24231,5448153.385,0,0
28/12/2023,20878.39306,5559528.361,0,0
29/12/2023,15882.09526,5323397.281,0,0
30/12/2023,12694.57908,6023035.952,0,0
31/12/2023,12724.75052,4681324.992,0,0
01/01/2024,15236.20301,4327723.25,0,0
02/01/2024,11233.18497,4790478.309,0,0
03/01/2024,15331.00601,3948125.391,0,0
04/01/2024,15358.89017,2965184.336,0,0
05/01/2024,6771.017341,3047036.798,0,0
06/01/2024,12169.8578,5919251.855,0,0
07/01/2024,22079.23052,6061915.896,0,0
08/01/2024,16678.63584,3475399,0,0
09/01/2024,13883.63168,3338927.007,0,0
10/01/2024,11488.53121,3433629.655,0,0
11/01/2024,5932.217341,1503947.231,0,0
12/01/2024,5746.888324,1737698.956,0,0
13/01/2024,12487.29988,3912618.93,0,0
14/01/2024,12216.91329,3807519.32,0,0
15/01/2024,8628.237225,2315714.292,0,0
16/01/2024,4328.99422,2008313.517,0,0
17/01/2024,9374.052486,2008610.078,0,0
18/01/2024,1192.16185,1283586.179,0,0
19/01/2024,4006.104046,1376945.532,0,0
20/01/2024,9237.32948,3158329.8,0,0
21/01/2024,8036.30289,3251032.593,0,0
22/01/2024,5880.924855,1774698.014,0,0
23/01/2024,4568.786127,1564365.904,0,0
24/01/2024,5658.705202,1632056.301,0,0
25/01/2024,10383.15434,1222159.544,0,0
26/01/2024,9345.595376,1547527.745,0,0
27/01/2024,9781.387283,3257948.023,0,0
28/01/2024,7688.910058,3398665.565,0,0
29/01/2024,8771.136763,1887486.984,0,0
30/01/2024,4185.755607,1730783.793,0,0
31/01/2024,6386.49711,1821176.216,0,0
01/02/2024,7113.006936,1274881.639,0,0
02/02/2024,7750.578867,1413723.525,0,0
03/02/2024,12635.3526,3061638.945,0,0
04/02/2024,9892.915145,3236119.259,0,0
05/02/2024,6404.696069,1766719.149,0,0
06/02/2024,10884.29029,1700746.564,0,0
07/02/2024,7812.416185,1769739.815,0,0
08/02/2024,4672.456647,1111098.741,0,0
09/02/2024,8162.635838,1321703.071,0,0
10/02/2024,10826.91468,2576240.197,0,0
11/02/2024,11534.2659,2759174.21,0,0
12/02/2024,6174.158613,1697937.894,0,0
13/02/2024,10650.46751,1369229.869,0,0
14/02/2024,10817.07052,1404525.534,0,0
15/02/2024,3657.601156,1315087.027,0,0
16/02/2024,5100.667746,1399689.228,0,0
17/02/2024,7336.872832,2532201.522,0,0
18/02/2024,6261.486243,2836884.537,0,0
19/02/2024,3765.692486,1630727.591,0,0
20/02/2024,7675.871445,1468372.906,0,0
21/02/2024,7632.590983,1537663.884,0,0
22/02/2024,4704.566474,1343634.225,0,0
23/02/2024,1787.745665,1381293.672,0,0
24/02/2024,7512.531792,2810104.099,0,0
25/02/2024,9418.196532,3055647.15,0,0
26/02/2024,6407.387283,1888015.261,0,0
27/02/2024,5141.012254,1953388.675,0,0
28/02/2024,8799.073295,2241064.405,0,0
29/02/2024,4603.734104,1057817.253,0,0
01/03/2024,4472.840462,1038787.713,0,0
02/03/2024,13921.39145,2348823.514,0,0
03/03/2024,8653.641618,2461437.633,0,0
04/03/2024,9071.606936,1344561.795,0,0
05/03/2024,3639.884393,1152746.739,0,0
06/03/2024,4893.052023,1062464.78,0,0
07/03/2024,1894.855491,1028962.127,0,0
08/03/2024,10444.73988,1083645.287,0,0
09/03/2024,8112.565202,2142278.814,0,0
10/03/2024,6582.543353,1891425.514,0,0
11/03/2024,6450.338728,1306975.731,274.93,0
12/03/2024,3339.421965,1079771.104,387.49,0
13/03/2024,5883.16763,1235701.634,387.73,0
14/03/2024,1579.803468,1069146.261,688.91,0
15/03/2024,2533.526012,1247443.983,549.67,0
16/03/2024,9005.346821,2280331.272,712.08,0
17/03/2024,2122.16763,2458323.942,777.14,0
18/03/2024,9491.594682,1505852.353,528.95,0
19/03/2024,2534.404624,1226330.585,607.93,0
20/03/2024,4074.585202,1091195.04,859.41,0
21/03/2024,13483.42197,1129402.393,1246.59,224.24
22/03/2024,5346.751445,1214717.503,1218.88,305.84
23/03/2024,6106.936416,2478933.164,1439.46,324.81
24/03/2024,6935.138728,2423611.104,1212.42,333.76
25/03/2024,7361.271676,1423245.526,1369.67,292.35
26/03/2024,3454.508671,1339267.298,1499.51,310.89
27/03/2024,5244.416185,1426003.441,1499.99,311.17
28/03/2024,626.150289,1574020.562,1657.51,247.87
29/03/2024,9894.49711,3338588.902,1990.77,305.7
30/03/2024,7033.212486,3403275.199,1749.43,319.09
31/03/2024,8048.473988,1082051.098,1785.63,316.56
01/04/2024,18848.13873,5672909.491,1846.42,312.08
02/04/2024,10444.21734,2652869.815,1691.95,298.21
03/04/2024,7376.358382,2567232.422,1320.69,285.44
04/04/2024,8917.736879,1786708.895,931.47,293.86
05/04/2024,6120.716763,1756175.851,1033.39,291.25
06/04/2024,9458.147514,2965708.688,1919.7,298.64
07/04/2024,12400.77434,3087637.133,2010.31,280.03
08/04/2024,10363.52601,2181088.798,1137.3,175.34
09/04/2024,5954.878613,1948632.56,1076.77,271.41
10/04/2024,4912.508671,1313411.531,1059.17,249.91
11/04/2024,3333.209827,1409982.29,1110.72,258.99
12/04/2024,2896.306358,1465350.665,872.07,260.24
13/04/2024,11324.35838,2669167.682,1221.98,271.94
14/04/2024,11698.32694,2907188.003,1547.13,283.78
15/04/2024,6596.526012,2044925.722,876.15,298.79
16/04/2024,5256.312139,1905100.491,849.45,229.61
17/04/2024,5281.907514,982823.7919,647.95,242.08
18/04/2024,11732.71861,982742.0296,756.14,250.89
19/04/2024,7213.932948,1080084.948,864.06,254.16
20/04/2024,8367.052023,2037187.678,1269.46,268.93
21/04/2024,3605.187052,1949707.153,1502.42,279.12
22/04/2024,3328.465202,1279233.116,1016.97,248.05
23/04/2024,4648.818035,1200060.712,912.92,258.46
24/04/2024,7447.890173,964005.2954,541.14,249.63
25/04/2024,3768.729711,1024913.899,655.56,253.02
26/04/2024,6908.878613,1164904.82,419.97,255.75
27/04/2024,6149.526012,2300291.808,568.03,256.67
28/04/2024,6187.282543,2412796.806,537.48,235.02
29/04/2024,5549.79052,1376705.292,416.2,208.13
30/04/2024,5130.65896,1188877.509,448.59,246.2
01/05/2024,4211.491329,1222785.699,475.35,257.57
02/05/2024,7177.145202,1147584.919,739.36,264.38
03/05/2024,5103.398844,1365526.632,698.92,272.58
04/05/2024,5796.209017,2324208.272,776.81,272.5
05/05/2024,7803.83237,2249158.335,973.08,285.11
06/05/2024,17706.05896,3667298.311,1589.81,271.82
07/05/2024,6320.308902,1469541.623,892.46,262.85
08/05/2024,4361.849711,1330697.468,945.48,256.36
09/05/2024,6206.67052,874521.8806,1131.58,243.54
10/05/2024,8805.845549,940978.377,1087.07,243.3
11/05/2024,7556.93896,1428682.152,1205.55,278.8
12/05/2024,5154.088786,1590427.624,1406.85,277.08
13/05/2024,6643.403006,1141892.003,708.13,239.92
14/05/2024,3519.936416,1092066.241,474.02,250.66
15/05/2024,8395.703815,1055198.43,437.66,259.96
16/05/2024,5526.277457,976030.2919,316.96,258.42
17/05/2024,7891.549133,976049.1555,264.03,259.39
18/05/2024,10228.9711,2002189.164,408.8,267.86
19/05/2024,6317.825202,1673902.227,535.15,264.94
20/05/2024,5100.531792,1114099.743,291.65,265.95
21/05/2024,6020.971965,1047401.672,258.02,262.87
22/05/2024,3216.83237,1071664.409,210.61,252.65
23/05/2024,4774.83163,1138054.312,196.24,252.1
24/05/2024,8544.298266,1346840.566,210.27,251.35
25/05/2024,7159.150058,2296990.392,271.68,268.77
26/05/2024,7026.890173,2791545.386,353.15,267.46
27/05/2024,8901.096416,4118934.589,410.74,256.16
28/05/2024,4486.231214,2196738.312,241.25,232.81
29/05/2024,6068.499884,1928582.373,192.51,230.45
30/05/2024,2825.66474,1314911.295,183.39,241.41
31/05/2024,6243.901734,1362923.376,161.13,243.03
01/06/2024,7061.583815,2384448.534,212.12,243.2
02/06/2024,2592.99422,2482348.283,338.29,210.06
03/06/2024,5661.294798,1985494.077,18.77,169.97
04/06/2024,6927.710983,1975701.611,0,247.98
05/06/2024,5984.063584,977739.2631,0,247.27
06/06/2024,6066.664509,972615.7145,0,254.5
07/06/2024,3150.406012,961437.1214,0,240.58
08/06/2024,7603.678382,1958916.208,0,250.41
09/06/2024,10364.67052,2122667.353,0,258.01
10/06/2024,7818.745318,1334342.427,0,246.58
11/06/2024,3759.184971,1185444.59,0,238.78
12/06/2024,4990.17341,1020832.145,0,237.72
13/06/2024,1999.566474,1004028.008,0,234.07
14/06/2024,3397.687861,1123599.687,0,230.06
15/06/2024,2562.853179,2175488.192,0,243.49
16/06/2024,8372.467977,1751108.503,0,250.41
17/06/2024,4283.676301,1211971.319,0,231.89
18/06/2024,1963.335954,761951.8523,0,228.86
19/06/2024,2357.202312,1305794.023,0,227.76
20/06/2024,2715.370405,1026491.286,0,223.71
21/06/2024,4696.720231,1002976.531,0,224.98
22/06/2024,4469.978266,2002360.601,0,227.54
23/06/2024,2940.498497,1755329.164,0,238.18
24/06/2024,6851.028902,1189501.401,0,203.55
25/06/2024,4600.199306,992446.9573,0,195.49
26/06/2024,3958.849711,878874.1252,0,0
27/06/2024,2504.459653,967889.5975,0,0
28/06/2024,3541.024971,1217619.475,0,0
29/06/2024,5111.578035,2152785.954,0,0
30/06/2024,10564.95954,2219306.925,0,0
01/07/2024,6179.360983,1389297.723,0,0
02/07/2024,10865.89595,1266908.576,0,0
03/07/2024,5854.49711,1430217.658,0,0
04/07/2024,6173.063168,1230415.663,0,0
05/07/2024,3137.098266,1309068.084,0,0
06/07/2024,6726.880925,2437382.201,0,0
07/07/2024,7894.469827,2843251.018,0,0
08/07/2024,5946.33526,1566005.977,0,0
09/07/2024,5606.947977,1458238.578,0,0
10/07/2024,6405.618497,1276612.482,0,0
11/07/2024,9537.190751,1310532.083,0,0
12/07/2024,5869.040462,1412383.26,0,0
13/07/2024,9154.476532,2615183.447,0,0
14/07/2024,8535.063584,2514539.535,0,0
15/07/2024,6133.089017,1809198.631,0,0
16/07/2024,8146.297803,1703679.767,0,0
17/07/2024,5091.921387,1291070.565,0,0
18/07/2024,5854.508671,1180188.005,0,0
19/07/2024,4597.109827,1142739.532,0,0
20/07/2024,4794.289017,2395920.377,0,0
21/07/2024,4707.884393,2563490.052,0,0
22/07/2024,8630.671214,1714217.529,0,0
23/07/2024,3411.988439,1609307.748,0,0
24/07/2024,3008.34104,1322922.707,0,0
25/07/2024,3719.945896,1410809.81,0,0
26/07/2024,2332.368555,1398962.618,0,0
27/07/2024,5525.433526,2405654.18,0,0
28/07/2024,6704.218266,2346070.087,0,0
29/07/2024,7095.018728,1509338.418,0,0
30/07/2024,1590.828902,1361235.13,0,0
31/07/2024,7234.104046,1171018.061,0,0
01/08/2024,5461.035838,1268063.591,0,0
02/08/2024,2527.452023,1308742.122,0,0
03/08/2024,7562.926243,2295087.516,0,0
04/08/2024,6606.936416,2663824.417,0,0
05/08/2024,5350.596069,1879136.778,0,0
06/08/2024,2713.317919,1631267.653,0,0
07/08/2024,2981.445087,1483757.064,0,0
08/08/2024,4300.62659,1661431.365,0,0
09/08/2024,6819.566358,1546321.551,0,0
10/08/2024,1944.138728,2548281.792,0,0
11/08/2024,3844.751445,2358965.982,0,0
12/08/2024,6555.640231,1641000.415,0,0
13/08/2024,1679.595376,1388694.563,0,0
14/08/2024,5387.958844,1608447.857,0,0
15/08/2024,11442.08809,1818954.301,0,0
16/08/2024,2229.421965,1757035.425,0,0
17/08/2024,10440.15399,2986830.154,0,0
18/08/2024,10276.12139,3303327.808,0,0
19/08/2024,6245.307746,2467526.444,0,0
20/08/2024,9311.503353,2196130.722,0,0
21/08/2024,6834.283006,2200521.671,0,0
22/08/2024,6781.213873,2014883.189,0,0
23/08/2024,4028.763006,2436995.96,0,0
24/08/2024,10278.41618,4354035.494,0,0
25/08/2024,11388.32509,4379617.518,0,0
26/08/2024,17474.28971,6297865.749,0,0
27/08/2024,5605.208092,3495285.358,0,0
28/08/2024,9077.903353,3559045.41,0,0
29/08/2024,8453.156069,1444302.451,0,0
30/08/2024,5061.849711,1590790.983,0,0
31/08/2024,11199.68925,2603389.102,0,0
01/09/2024,6859.116763,3135621.114,0,0
02/09/2024,5875.818035,2523475.773,0,0
03/09/2024,12261.35214,2351022.214,0,0
04/09/2024,5721.330173,1263927.434,0,0
05/09/2024,5991.296879,1343664.219,0,0
06/09/2024,3627.242775,1382960.523,0,0
07/09/2024,15390.11145,2859537.038,0,0
08/09/2024,8227.051329,3321259.993,0,0
09/09/2024,5099.965318,1940172.058,0,0
10/09/2024,6622.813873,1604738.823,0,0
11/09/2024,4905.364162,1599116.48,0,0
12/09/2024,5741.236994,1549259.092,0,0
13/09/2024,1227.485549,1733443.555,0,0
14/09/2024,8751.275376,3177959.261,0,0
15/09/2024,7171.32948,3418746.49,0,0
16/09/2024,3902.803468,1874836.454,0,0
17/09/2024,5298.265896,1519593.017,0,0
18/09/2024,2137.393526,1621682.233,0,0
19/09/2024,8012.861272,1701384.01,0,0
20/09/2024,7654.221503,2020221.359,0,0
21/09/2024,10344.96879,3860936.885,0,0
22/09/2024,14874.43931,4577508.284,0,0
23/09/2024,7240.231214,2656341.214,0,0
24/09/2024,9045.572254,2365777.269,0,0
25/09/2024,11090.05318,2078615.779,0,0
26/09/2024,5589.526012,1916505.306,0,0
27/09/2024,6389.82659,2286665.949,0,0
28/09/2024,9880.228671,4348431.867,0,0
29/09/2024,15887.73202,5020457.26,0,0
30/09/2024,7177.791908,3446615.069,0,0
01/10/2024,11481.78035,3143025.836,0,0
02/10/2024,6163.803468,1777938.058,0,0
03/10/2024,5163.283237,1742300.662,0,0
04/10/2024,5081.50289,1956160.534,0,0
05/10/2024,5554.589595,3937580.659,0,0
06/10/2024,7516.339422,4532176.997,0,0
07/10/2024,9512.97896,2740179.583,0,0
08/10/2024,2256.971098,1965543.842,0,0
09/10/2024,6378.763006,1670568.476,0,0
10/10/2024,6769.71052,1568556.532,0,0
11/10/2024,3959.885549,1765070.561,0,0
12/10/2024,11015.15098,4000550.708,0,0
13/10/2024,12440.94705,4065697.179,0,0
14/10/2024,6615.138035,2354422.994,0,0
15/10/2024,11383.34012,2176570.117,0,0
16/10/2024,5446.144509,1579395.191,0,0
17/10/2024,8223.723468,1442610.643,0,0
18/10/2024,2346.242775,1691474.332,0,0
19/10/2024,5890.22289,3362542.373,0,0
20/10/2024,9272.150289,3786944.239,0,0
21/10/2024,9413.872832,2277759.175,0,0
22/10/2024,7380.16185,2012546.433,0,0
23/10/2024,8309.516301,1585838.349,0,0
24/10/2024,8854.682081,1663882.107,0,0
25/10/2024,10695.96763,1739334.771,0,0
26/10/2024,13116.7052,3414426.874,0,0
27/10/2024,9678.113757,3665093.514,0,0
28/10/2024,10748.84254,2558375.117,0,0
29/10/2024,15818.31029,2204217.878,0,0
30/10/2024,12448.05642,1781646.747,0,0
31/10/2024,3391.06474,1704819.448,0,0
01/11/2024,10481.80347,2153291.294,0,0
02/11/2024,7509.757225,3653377.78,0,0
03/11/2024,6973.34104,3899559.783,0,0
04/11/2024,11031.07214,2459448.303,0,0
05/11/2024,5442.196532,2016941.676,0,0
06/11/2024,8946.89526,1840882.233,0,0
07/11/2024,5407.22474,1689781.592,0,0
08/11/2024,6754.890173,1951189.133,0,0
09/11/2024,10540.71676,3730079.585,0,0
10/11/2024,11545.32277,4115862.352,0,0
11/11/2024,7023.277457,2547606.497,0,0
12/11/2024,9238.535029,1887223.121,0,0
13/11/2024,8384.381503,1405230.723,0,0
14/11/2024,5160.246243,1454276.476,0,0
15/11/2024,7083.451098,1627717.886,0,0
16/11/2024,13779.56428,3155377.162,0,0
17/11/2024,10095.60694,3391968.495,0,0
18/11/2024,12374.35838,2237063.08,0,0
19/11/2024,8800.583584,1840817.515,0,0
20/11/2024,7098.242775,1661738.428,0,0
21/11/2024,5619.537572,1544497.339,0,0
22/11/2024,13038.83792,1926062.419,0,0
23/11/2024,19990.75006,3065573.998,0,0
24/11/2024,16202.32855,3348395.021,0,0
25/11/2024,12081.09017,2035390.693,0,0
26/11/2024,10719.07977,1630770.032,0,0
27/11/2024,13156.41329,1649688.646,0,0
28/11/2024,9558.614104,1489498.607,0,0
29/11/2024,11956.52682,2236184.919,0,0
30/11/2024,14169.12069,3073699.605,0,0
01/12/2024,15909.85861,3252963.437,0,0
02/12/2024,10035.08671,2190592.505,0,0
03/12/2024,15657.31191,1990642.501,0,0
04/12/2024,11057.44855,2087194.178,0,0
05/12/2024,3341.17341,640315.6422,0,0
06/12/2024,425.7572254,894530.9677,0,0
07/12/2024,3592.011561,1277728.064,0,0
08/12/2024,3712.145202,1350809.024,0,0
09/12/2024,2763.416185,892834.4104,0,0
10/12/2024,568.8208092,696008.3151,0,0
11/12/2024,6968.416185,674499.4236,0,0
12/12/2024,1442.150289,638715.6161,0,0
13/12/2024,4311.497341,643641.3239,0,0
14/12/2024,5214.971098,947964.8035,0,0
15/12/2024,4626.734104,976595.1503,0,0
16/12/2024,745.2485549,697445.4205,0,0
17/12/2024,1527.641618,612076.0841,0,0
18/12/2024,1173.326243,492429.4758,0,0
19/12/2024,2659.075145,1008946.189,0,0
20/12/2024,4561.930636,850833.3353,0,0
21/12/2024,6463.073757,1346734.981,0,0
22/12/2024,4035.780347,1320190.161,0,0
23/12/2024,5133.415491,439026.9364,0,0
24/12/2024,0,0,0,0
25/12/2024,1684.716763,0,0,0
26/12/2024,17914.62798,0,0,0
27/12/2024,9387.466127,0,0,0
28/12/2024,15292.64509,0,0,0
29/12/2024,13747.51445,0,0,0
30/12/2024,13513.38994,0,0,0
31/12/2024,8178.086705,0,0,0
01/01/2025,14276.87514,0,0,0
02/01/2025,10723.3526,0,0,0
03/01/2025,12472.99815,0,0,0
04/01/2025,11977.31792,0,0,0
05/01/2025,14974.85549,0,0,0
06/01/2025,8310.887168,0,0,0
07/01/2025,10279.37717,0,0,0
08/01/2025,13432.34451,0,0,0
09/01/2025,5923.260116,0,0,0
10/01/2025,10563.78035,0,0,0
11/01/2025,8099.421965,0,0,0
12/01/2025,12224.86335,0,0,0
13/01/2025,7881.286474,0,0,0
14/01/2025,11241.15815,0,0,0
15/01/2025,14482.67607,0,0,0
16/01/2025,4282.820809,0,0,0
17/01/2025,9267.018035,0,0,0
18/01/2025,5445.31052,0,0,0
19/01/2025,19908.75098,0,0,0
20/01/2025,5305.768786,0,0,0
21/01/2025,7572.641618,0,0,0
22/01/2025,6035.098266,0,0,0
23/01/2025,4356.508671,0,0,0
24/01/2025,8063.583815,0,0,0
25/01/2025,13022.83491,0,0,0
26/01/2025,15154.31214,0,0,0
27/01/2025,3936.880925,0,0,0
28/01/2025,4889.595376,0,0,0
29/01/2025,6592.661156,0,0,0
30/01/2025,3476.445087,0,0,0
31/01/2025,5612.930289,0,0,0
01/02/2025,11879.01572,0,0,0
02/02/2025,12556.13873,0,0,0
03/02/2025,9198.728324,0,0,0
04/02/2025,8935.553757,0,0,0
05/02/2025,7302.657572,0,0,0
06/02/2025,10322.30509,0,0,0
07/02/2025,7390.393064,0,0,0
08/02/2025,8657.889711,0,0,0
09/02/2025,5653.300578,0,0,0
10/02/2025,11409.47977,0,0,0
11/02/2025,11409.90451,0,0,0
12/02/2025,7819.054335,0,0,0
13/02/2025,3374.427746,0,0,0
14/02/2025,3250.439306,0,0,0
15/02/2025,5700.427746,0,0,0
16/02/2025,5568.716763,0,0,0
17/02/2025,4873.595376,0,0,0
18/02/2025,6256.106358,0,0,0
19/02/2025,6438.381503,0,0,0
20/02/2025,6709.202312,0,0,0
21/02/2025,5925.92289,0,0,0
22/02/2025,11219.2689,0,0,0
23/02/2025,8249.099653,0,0,0
24/02/2025,4219.803468,0,0,0
25/02/2025,1912.588439,0,0,0
26/02/2025,5971.676301,0,0,0
27/02/2025,5940.771329,0,0,0
28/02/2025,7874.288324,0,0,0
01/03/2025,8495.321618,0,0,0
02/03/2025,8999.421965,0,0,0
03/03/2025,8649.73341,0,0,0
04/03/2025,9160.510058,0,0,0
05/03/2025,4932.489017,0,0,0
06/03/2025,3315.504277,0,0,0
07/03/2025,1957.456647,0,0,0
08/03/2025,9049.366474,0,0,0
09/03/2025,7239.401618,0,0,0
10/03/2025,6523.455723,0,0,0
11/03/2025,3623.734104,0,0,0
12/03/2025,6660.115607,0,0,0
13/03/2025,2907.982659,0,0,0
14/03/2025,4523.121387,0,0,0
15/03/2025,12620.80925,0,0,0
16/03/2025,10861.13295,0,0,0
17/03/2025,7184.521618,0,0,0
18/03/2025,2886.954451,0,0,0
19/03/2025,5643.144509,0,0,0
20/03/2025,6911.132254,0,0,0
21/03/2025,3994.976185,0,0,0
22/03/2025,10023.98382,0,0,0
23/03/2025,10184.08092,0,0,0
24/03/2025,2532.369942,0,0,0
25/03/2025,5750.289017,0,0,0
26/03/2025,6340.462428,0,0,0
27/03/2025,3659.028902,0,0,0
28/03/2025,5167.720462,0,0,0
29/03/2025,12009.65896,0,0,0
30/03/2025,6037.283237,0,0,0
31/03/2025,3828.075145,0,0,0
01/04/2025,4023.398844,0,0,0
02/04/2025,6990.17341,0,0,0
03/04/2025,2634.034682,0,0,0
04/04/2025,3841.260116,0,0,0
05/04/2025,8300.578035,0,0,0
06/04/2025,7508.732254,0,0,0
07/04/2025,4042.147977,0,0,0
08/04/2025,9577.788208,0,0,0
09/04/2025,8818.318613,0,0,0
10/04/2025,8045.028902,0,0,0
11/04/2025,5524.81526,0,0,0
12/04/2025,6533.306358,0,0,0
13/04/2025,8041.551445,0,0,0
14/04/2025,2694.17341,0,0,0
15/04/2025,7790.988671,0,0,0
16/04/2025,8027.16763,0,0,0
17/04/2025,9714.223353,0,0,0
18/04/2025,8629.188902,0,0,0
19/04/2025,8045.76,0,0,0
20/04/2025,7079.768786,0,0,0
21/04/2025,17819.41179,0,0,0
22/04/2025,9916.208092,0,0,0
23/04/2025,4396.404624,0,0,0
24/04/2025,8448.846243,0,0,0
25/04/2025,6300.255723,0,0,0
26/04/2025,5019.815029,0,0,0
27/04/2025,6009.745665,0,0,0
28/04/2025,7739.711445,0,0,0
29/04/2025,9853.921965,0,0,0
30/04/2025,6601.526012,0,0,0
01/05/2025,5414.358382,0,0,0
02/05/2025,7660.069364,0,0,0
03/05/2025,10755.49133,0,0,0
04/05/2025,7981.162543,0,0,0
05/05/2025,15083.6185,0,0,0
06/05/2025,8814.204624,0,0,0
07/05/2025,13747.25873,0,0,0
08/05/2025,8017.400462,0,0,0
09/05/2025,2520.32948,0,0,0
10/05/2025,4667.236994,0,0,0
11/05/2025,6291.774566,0,0,0
12/05/2025,3491.802312,0,0,0
13/05/2025,3549.011561,0,0,0
14/05/2025,704.8023121,0,0,0
15/05/2025,4761.595376,0,0,0
16/05/2025,3055.491329,0,0,0
17/05/2025,6773.646705,0,0,0
18/05/2025,4226.738497,0,0,0
19/05/2025,4994.601156,0,0,0
20/05/2025,4346.77526,0,0,0
21/05/2025,5790.345434,0,0,0
22/05/2025,6295.876879,0,0,0
23/05/2025,5097.641618,0,0,0
24/05/2025,5488.878613,0,0,0
25/05/2025,6923.96763,0,0,0
26/05/2025,10815.4104,0,0,0
27/05/2025,6212.566474,0,0,0
28/05/2025,1835.375723,0,0,0
29/05/2025,12398.2659,0,0,0
30/05/2025,6297.355376,0,0,0
31/05/2025,5963.480116,0,0,0
01/06/2025,9470.312139,0,0,0
02/06/2025,6914.121387,0,0,0
03/06/2025,10691.32948,0,0,0
04/06/2025,9679.771561,0,0,0
05/06/2025,3387.225434,0,0,0
06/06/2025,4479.194913,0,0,0
07/06/2025,9070.381503,0,0,0
08/06/2025,12431.83815,0,0,0
09/06/2025,4994.537572,0,0,0
10/06/2025,8966.653179,0,0,0
11/06/2025,4459.00578,0,0,0
12/06/2025,6332.254335,0,0,0
13/06/2025,5234.387514,0,0,0
14/06/2025,6441.618497,0,0,0
15/06/2025,8105.780347,0,0,0
16/06/2025,6900.034682,0,0,0
17/06/2025,6454.404624,0,0,0
18/06/2025,5780.452023,0,0,0
19/06/2025,8141.23052,0,0,0
20/06/2025,3210.865665,0,0,0
21/06/2025,9394.265896,0,0,0
22/06/2025,7299.497341,0,0,0
23/06/2025,6665.98474,0,0,0
24/06/2025,3490.179191,0,0,0
25/06/2025,6316.751445,0,0,0
26/06/2025,7262.918844,0,0,0
27/06/2025,7407.228208,0,0,0
28/06/2025,8787,0,0,0
29/06/2025,8091.022428,0,0,0
30/06/2025,7774.566474,0,33.91,0
01/07/2025,7326.117457,0,359.71,0
02/07/2025,2805.190751,0,497.34,0
03/07/2025,4512.481503,0,390.73,0
04/07/2025,3818.774566,0,860.07,0
05/07/2025,12448.85827,0,1689.12,0
06/07/2025,7371.797919,0,2036.69,0
07/07/2025,7846.566474,0,1448.19,0
08/07/2025,9858.720925,0,1506.55,0
09/07/2025,5942.861272,0,1537.32,0
10/07/2025,3321.387283,0,1074.13,0
11/07/2025,5256.156069,0,1169.11,0
12/07/2025,8423.515145,0,1440.42,0
13/07/2025,10248.42913,0,1677.65,0
14/07/2025,7472.83237,0,1692.87,0
15/07/2025,9742.962081,0,1602.62,0
16/07/2025,8263.121387,0,1615.54,0
17/07/2025,5757.75896,0,1728.47,0
18/07/2025,7361.098266,0,1815.6,0
19/07/2025,12916.27699,0,2593.36,0
20/07/2025,9839.791908,0,2641.74,0
21/07/2025,8560.596532,0,2015.47,0
22/07/2025,5978.779653,0,1775.75,0
23/07/2025,2274.393064,0,1442.6,0
24/07/2025,10014.08185,0,1386.57,0
25/07/2025,4608.439306,0,1270.95,0
26/07/2025,8951.306358,0,1518.25,0
27/07/2025,9724.078613,0,1918.29,0
28/07/2025,8850.057803,0,1632.13,0
29/07/2025,6523.699422,0,1421.38,0
30/07/2025,12697.17457,0,1316.34,0
31/07/2025,7378.510058,0,1586.42,0
01/08/2025,6160.249249,0,1670.42,0
02/08/2025,9119.653179,0,1461.78,0
03/08/2025,9279.988439,0,1629.73,0
04/08/2025,4749.710983,0,1564.04,0
05/08/2025,8034.088786,0,2003.81,0
06/08/2025,8591.076532,0,1571.82,0
07/08/2025,8307.514451,0,1869.77,0
08/08/2025,11208.25434,0,1473.38,0
09/08/2025,7774.515607,0,1709.85,0
10/08/2025,10636.89017,0,2009.14,0
11/08/2025,15041.54497,0,1801.96,0
12/08/2025,5986.49711,0,1994.74,0
13/08/2025,10931.21387,0,2120.24,0
14/08/2025,10480.99769,0,2013.7,0
15/08/2025,7847.514451,0,2000.44,0
16/08/2025,12461.53179,0,2309.81,0
17/08/2025,12164.16185,0,2348.7,0
18/08/2025,4945.421965,0,2265.67,0
19/08/2025,10529.24277,0,2721.19,0
20/08/2025,6685.421965,0,2299.38,0
21/08/2025,6467.320925,0,2456.4,0
22/08/2025,9921.225434,0,2228.75,0
23/08/2025,11421.02913,0,2469.77,0
24/08/2025,19184.96393,0,2865.57,0
25/08/2025,22185.89595,0,2226.34,0
26/08/2025,18991.09827,0,2251.89,0
27/08/2025,10863.83815,0,2492.04,0
28/08/2025,9402.34474,0,2452.93,0
29/08/2025,10702.33526,0,2591.08,0
30/08/2025,17259.1311,0,2508.25,0
31/08/2025,9678.615954,0,2305.69,0
01/09/2025,11198.53873,0,1864.22,0
02/09/2025,15958.87439,0,1949.57,0
03/09/2025,7427.584277,0,1945.71,0
04/09/2025,8700.578035,0,1882.29,0
05/09/2025,7828.959538,0,2136.47,0
06/09/2025,7174.809711,0,2685.51,0
07/09/2025,19577.51306,0,3510.96,0
08/09/2025,3802.057803,0,1984.18,0
09/09/2025,8081.317919,0,2087.69,0
10/09/2025,2252.942197,0,1847.89,0
11/09/2025,7469.526012,0,1790.23,0
12/09/2025,6840.485549,0,1086.64,0
13/09/2025,9286.242775,0,1334.55,0
14/09/2025,9762.427746,0,1653.11,0
15/09/2025,10626.89017,0,871.15,0
16/09/2025,7301.774566,0,890.24,0
17/09/2025,16004.92486,0,1407.84,0
18/09/2025,14063.00578,0,1447.53,0
19/09/2025,11254.84647,0,1251.71,0
20/09/2025,12014.04347,0,2028.6,0
21/09/2025,15120.11977,0,2288.54,0
22/09/2025,13412.20994,0,1635.6,0
23/09/2025,10996.50867,0,1521.9,0
24/09/2025,12239.03237,0,1688.33,0
25/09/2025,8793.489017,0,1466.33,0
26/09/2025,10637.4985,0,1394.37,0
27/09/2025,13144.43931,0,2079.47,0
28/09/2025,12244.3526,0,2338.43,0
29/09/2025,17454.9711,0,1625.44,0
30/09/2025,11306.9674,0,1640.67,0
01/10/2025,7118.728324,0,1904.82,0
02/10/2025,5185.72948,0,1799.26,0
03/10/2025,7231.132948,0,1915.16,0
04/10/2025,5445.82659,0,2703.28,0
05/10/2025,12915.09364,0,3012.06,0
06/10/2025,8552.918844,0,1812.27,0
07/10/2025,5158.959538,0,1558.35,0
08/10/2025,11922.91908,0,1481.07,0
09/10/2025,11689.62127,0,1688.92,0
10/10/2025,9573.242775,0,1641.22,0
11/10/2025,16371.8548,0,2097.59,0
12/10/2025,18550.58566,0,2366.15,0
13/10/2025,14530.3422,0,1637.32,0
14/10/2025,8450.219653,0,1540.19,0
15/10/2025,15369.0474,0,1329.86,0
16/10/2025,13698.63584,0,1397.01,0
17/10/2025,13812.38058,0,1504.98,0
18/10/2025,18207.53272,0,2254.19,0
19/10/2025,11704.89017,0,2261.63,0
20/10/2025,9820.891561,0,1579.12,0
21/10/2025,13010.87838,0,1479.11,0
22/10/2025,13588.31653,0,1260.7,0
23/10/2025,6951.606936,0,1818.51,0
24/10/2025,13837.37341,0,2017.59,0
25/10/2025,15539.9889,0,2713.41,0
26/10/2025,22419.35803,0,3196.87,0
27/10/2025,17328.59792,0,2267.1,0
28/10/2025,18385.1059,0,1923.16,0
29/10/2025,7919.964624,0,1700.32,0
30/10/2025,6764.75815,0,1487.05,0
31/10/2025,5127.976879,0,1318.55,0
01/11/2025,10723.51121,0,2022.4,0
02/11/2025,13301.37572,0,2225.68,0
03/11/2025,13672.25434,0,1656.09,0
04/11/2025,13247.6185,0,1611.71,0
05/11/2025,10537.97803,0,1911.78,0
06/11/2025,11959.89457,0,1839.02,0
07/11/2025,7767.780347,0,1790.3,0
08/11/2025,12857.26012,0,2552.38,0
09/11/2025,13829.54913,0,2728.37,0
10/11/2025,14569.31422,0,1912.75,0
11/11/2025,6398.947977,0,1871.82,0
12/11/2025,6219.884393,0,1806.12,0
13/11/2025,8336.099792,0,1712.63,0
14/11/2025,11173.63584,0,1564.58,0
15/11/2025,12781.26393,0,2041.15,0
16/11/2025,19554.31405,0,2550.33,0
17/11/2025,20666.47318,0,1671.67,0
18/11/2025,10054.50867,0,1682.26,0
19/11/2025,8288.590751,0,1428.98,0
20/11/2025,10199.08023,0,1555.99,0
21/11/2025,12691.48486,0,1809.23,0
22/11/2025,12958.08092,0,2579.78,0
23/11/2025,15445.15838,0,2187.73,0
24/11/2025,8371.907514,0,1415.46,0
25/11/2025,10573.84971,0,1306.83,0
26/11/2025,6775.578035,0,1823.62,0
27/11/2025,2757.942197,0,2613.54,0
28/11/2025,15012.03283,0,2636.89,0
29/11/2025,17816.85318,0,3404.18,0
30/11/2025,11647.32948,0,3050.1,0
01/12/2025,16738.04671,0,2569.18,0
02/12/2025,4145.819191,0,2376.19,0
03/12/2025,20104.65988,0,2433.24,0
04/12/2025,13071.88439,0,1999.01,0
05/12/2025,7463.34104,0,1343.44,0
06/12/2025,4889.450867,0,1010.29,0
07/12/2025,4137.526012,0,1163.86,0
08/12/2025,6603.517457,0,744.63,0
09/12/2025,2947.930636,0,636.19,0
10/12/2025,10624.0837,0,555.22,0
11/12/2025,6060.705202,0,623.22,0
12/12/2025,3635.063584,0,543.37,0
13/12/2025,3623.352601,0,631.43,0
14/12/2025,5803.526012,0,617.36,0
15/12/2025,8248.535723,0,482.68,0
16/12/2025,3793.676301,0,555.74,0
17/12/2025,2215.028902,0,575.93,0
18/12/2025,3765.317919,0,463.5,0
19/12/2025,2250.485549,0,502.73,0
20/12/2025,9374.566474,0,660.15,0
21/12/2025,5860.639769,0,946.77,0
22/12/2025,5817.537572,0,927.97,0
23/12/2025,5146.416185,0,908.32,0
24/12/2025,3093.034682,0,1474.31,0
25/12/2025,3530.265896,0,3073.53,0
26/12/2025,23702.89017,0,4874.83,0
27/12/2025,24278.36832,0,4422.87,0
28/12/2025,15790.44509,0,4291.63,0
29/12/2025,18793.16393,0,4699.14,0
30/12/2025,14311.64243,0,4897.64,0
31/12/2025,21714.93329,0,4968.93,0
01/01/2026,14809.56578,0,6397.53,0
02/01/2026,27797.64902,0,6861.25,0
03/01/2026,20687.91121,0,6420.91,0
04/01/2026,30531.98428,0,6561.05,0
05/01/2026,18922.18474,0,6091.48,0
06/01/2026,11919.26012,0,6147.63,0
07/01/2026,11452.43931,0,5795.95,0
08/01/2026,10694.28902,0,4854.44,0
09/01/2026,19928.18497,0,5502.75,0
10/01/2026,29974.40462,0,6199.55,0
11/01/2026,23698.40647,0,6450.19,0
12/01/2026,14956.03006,0,4891.59,0
13/01/2026,15769.78035,0,4133.53,0
14/01/2026,17508.75931,0,4806.78,0
15/01/2026,10564.78682,0,3737.26,0
16/01/2026,7201.288324,0,4043.67,0
17/01/2026,24272.00962,0,5726.17,0
18/01/2026,18098.47607,0,6365.15,0
19/01/2026,12925.60636,0,3436.5,0
20/01/2026,14984.90173,0,3141.87,0
21/01/2026,13927.52869,0,3243.62,0
22/01/2026,10492.23121,0,3307.33,0
23/01/2026,8695.87422,0,2593.46,0
24/01/2026,10967.84277,0,3459.88,0
25/01/2026,15395.28971,0,3981.54,0
26/01/2026,12770.63584,0,2500.61,0
27/01/2026,11931.42775,0,2012.42,0
28/01/2026,5817.919075,0,1878.44,0
29/01/2026,7963.66474,0,2069.64,0
30/01/2026,7707.375723,0,2081.86,0
31/01/2026,15606.52023,0,2497.5,0
01/02/2026,14547.6185,0,2886.99,0
02/02/2026,8523.121387,0,2026.31,0
03/02/2026,8426.589595,0,2481.88,0
04/02/2026,16444.17341,0,2440.86,0
05/02/2026,9355.491329,0,2696.98,0
